source,id,name,tox,smiles
DILI,4908,primaquine,0,CC(CCCN)NC1=C2C(=CC(=C1)OC)C=CC=N2
LiverTox,5281040,Montelukast,1,CC(C)(C1=CC=CC=C1CC[C@H](C2=CC=CC(=C2)/C=C/C3=NC4=C(C=CC(=C4)Cl)C=C3)SCC5(CC5)CC(=O)O)O
LiverTox,548887,Sulindac,1,CCCC=CC=CCCCCCC=C
LiverTox,657309,Ipratropium,0,CC(C)[N+]1([C@@H]2CC[C@H]1CC(C2)OC(=O)C(CO)C3=CC=CC=C3)C
DILI,5280452,piroxicam,1,CN1/C(=C(\NC2=CC=CC=N2)/O)/C(=O)C3=CC=CC=C3S1(=O)=O
DILI,216239,sorafenib,1,CNC(=O)C1=NC=CC(=C1)OC2=CC=C(C=C2)NC(=O)NC3=CC(=C(C=C3)Cl)C(F)(F)F
DILI,23663956,divalproexsodium,1,CCCC(CCC)C(=O)O.CCCC(CCC)C(=O)[O-].[Na+]
DILI,9294,ephedrine,0,C[C@@H]([C@@H](C1=CC=CC=C1)O)NC
DILI,8593,cinchophen,1,C1=CC=C(C=C1)C2=NC3=CC=CC=C3C(=C2)C(=O)O
DILI,4158,methylphenidate,1,COC(=O)C(C1CCCCN1)C2=CC=CC=C2
DILI,3779,isoproterenol,0,CC(C)NCC(C1=CC(=C(C=C1)O)O)O
DILI,4205,mirtazapine,1,CN1CCN2C(C1)C3=CC=CC=C3CC4=C2N=CC=C4
DILI,1130,thiamine,0,CC1=C(SC=[N+]1CC2=CN=C(N=C2N)C)CCO
DILI,24477,sodiumthiosulfate,0,[O-]S(=O)(=S)[O-].[Na+].[Na+]
DILI,6249,ampicillin,1,CC1([C@@H](N2[C@H](S1)[C@@H](C2=O)NC(=O)[C@@H](C3=CC=CC=C3)N)C(=O)O)C
LiverTox,41774,Acarbose,1,C[C@@H]1[C@H]([C@@H]([C@H]([C@H](O1)O[C@@H]2[C@H](O[C@@H]([C@@H]([C@H]2O)O)O[C@@H]3[C@H](OC([C@@H]([C@H]3O)O)O)CO)CO)O)O)N[C@H]4C=C([C@H]([C@@H]([C@H]4O)O)O)CO
DILI,439542,bacitracin,0,CCC(C)[C@H]1C(=O)N[C@@H](C(=O)N[C@H](C(=O)N[C@@H](C(=O)N[C@H](C(=O)NCCCC[C@@H](C(=O)N[C@@H](C(=O)N1)CCCN)NC(=O)[C@H](C(C)CC)NC(=O)[C@@H](CCC(=O)O)NC(=O)[C@H](CC(C)C)NC(=O)C2CN=C(S2)[C@H](C(C)CC)N)CC(=O)N)CC(=O)O)CC3=CN=CN3)CC4=CC=CC=C4
DILI,51263,alfentanil,0,CCC(=O)N(C1=CC=CC=C1)C2(CCN(CC2)CCN3C(=O)N(N=N3)CC)COC
LiverTox,2662,Celecoxib,1,CC1=CC=C(C=C1)C2=CC(=NN2C3=CC=C(C=C3)S(=O)(=O)N)C(F)(F)F
DILI,4192,midazolam,0,CC1=NC=C2N1C3=C(C=C(C=C3)Cl)C(=NC2)C4=CC=CC=C4F
LiverTox,54671203,Doxycycline,1,C[C@@H]1[C@H]2[C@@H]([C@H]3[C@@H](C(=O)C(=C([C@]3(C(=O)C2=C(C4=C1C=CC=C4O)O)O)O)C(=O)N)N(C)C)O
DILI,208902,ramelteon,0,CCC(=O)NCC[C@@H]1CCC2=C1C3=C(C=C2)OCC3
DILI,5284525,carboprosttromethamine,0,CCCCC[C@@](C)(/C=C/[C@H]1[C@@H](C[C@@H]([C@@H]1C/C=C/CCCC(=O)O)O)O)O
DILI,22879211,pegfilgrastim,0,CN(C)C1=CC(=C(C=C1)OC)CN[C@H]2CCCN[C@H]2C3=CC=CC=C3
LiverTox,2375,Bicalutamide,1,CC(CS(=O)(=O)C1=CC=C(C=C1)F)(C(=O)NC2=CC(=C(C=C2)C#N)C(F)(F)F)O
LiverTox,5426,Thalidomide,1,C1CC(=O)NC(=O)C1N2C(=O)C3=CC=CC=C3C2=O
DILI,51634,miglustat,0,CCCCN1C[C@@H]([C@H]([C@@H]([C@H]1CO)O)O)O
DILI,5994,progesterone,1,CC(=O)[C@H]1CC[C@@H]2[C@@]1(CC[C@H]3[C@H]2CCC4=CC(=O)CC[C@]34C)C
LiverTox,10220503,Tasimelteon,0,CCC(=O)NC[C@@H]1C[C@H]1C2=C3CCOC3=CC=C2
LiverTox,3034010,Orlistat,0,CCCCCCCCCCC[C@@H](C[C@H]1[C@@H](C(=O)O1)CCCCCC)OC(=O)[C@H](CC(C)C)NC=O
DILI,64139,efavirenz,1,C1CC1C#C[C@]2(C3=C(C=CC(=C3)Cl)NC(=O)O2)C(F)(F)F
LiverTox,3331,Felbamate,1,C1=CC=C(C=C1)C(COC(=O)N)COC(=O)N
LiverTox,5284603,Oxycodone,0,CN1CC[C@]23[C@@H]4C(=O)CC[C@]2([C@H]1CC5=C3C(=C(C=C5)OC)O4)O
DILI,3053,penteticacid,0,C(CN(CC(=O)O)CC(=O)O)N(CCN(CC(=O)O)CC(=O)O)CC(=O)O
LiverTox,135398735,Rifampin,1,C[C@H]1/C=C/C=C(\C(=O)NC2=C(C(=C3C(=C2O)C(=C(C4=C3C(=O)[C@](O4)(O/C=C/[C@@H]([C@H]([C@H]([C@@H]([C@@H]([C@@H]([C@H]1O)C)O)C)OC(=O)C)C)OC)C)C)O)O)/C=N/N5CCN(CC5)C)/C
DILI,2771,citalopram,1,CN(C)CCCC1(C2=C(CO1)C=C(C=C2)C#N)C3=CC=C(C=C3)F
DILI,3085017,sevelamer,0,C=CCN.C1C(O1)CCl
DILI,4919,procyclidine,0,C1CCC(CC1)C(CCN2CCCC2)(C3=CC=CC=C3)O
DILI,124087,desloratadine,1,C1CC2=C(C=CC(=C2)Cl)C(=C3CCNCC3)C4=C1C=CC=N4
DILI,4679,pantoprazole,1,COC1=C(C(=NC=C1)CS(=O)C2=NC3=C(N2)C=C(C=C3)OC(F)F)OC
DILI,464205,tenofovir,1,C[C@H](CN1C=NC2=C(N=CN=C21)N)OCP(=O)(O)O
LiverTox,23978,Copper,1,[Cu]
DILI,441203,cisplatin,1,N.N.Cl[Pt+2]Cl
DILI,6037,folicacid,0,C1=CC(=CC=C1C(=O)N[C@@H](CCC(=O)O)C(=O)O)NCC2=CN=C3C(=N2)C(=O)N=C(N3)N
DILI,11953884,nystatin,0,C[C@@H]1[C@H]([C@@H]([C@@H](C(O1)OC\2CC(C(C(CC(=O)CC(C(CCC(CC(CC(CC(=O)OC(C(C(C(/C=C/C=C/CC/C=C/C=C/C=C/C=C2)C)O)C)C)O)O)O)O)O)O)C(=O)O)O)O)N)O
LiverTox,3878,Lamotrigine,1,C1=CC(=C(C(=C1)Cl)Cl)C2=C(N=C(N=N2)N)N
DILI,2131,ambenonium,0,CC[N+](CC)(CCNC(=O)C(=O)NCC[N+](CC)(CC)CC1=CC=CC=C1Cl)CC2=CC=CC=C2Cl
LiverTox,208908,Lapatinib,1,CS(=O)(=O)CCNCC1=CC=C(O1)C2=CC3=C(C=C2)N=CN=C3NC4=CC(=C(C=C4)OCC5=CC(=CC=C5)F)Cl
DILI,4495,nimesulide,1,CS(=O)(=O)NC1=C(C=C(C=C1)[N+](=O)[O-])OC2=CC=CC=C2
DILI,158440,gadofosvesettrisodium,0,C1CC(CCC1OP(=O)([O-])OC[C@@H](CN(CCN(CC(=O)[O-])CC(=O)[O-])CC(=O)[O-])N(CC(=O)[O-])CC(=O)[O-])(C2=CC=CC=C2)C3=CC=CC=C3.O.[Na+].[Na+].[Na+].[Gd+3]
DILI,5352,sulindac,1,CC1=C(C2=C(C1=CC3=CC=C(C=C3)S(=O)C)C=CC(=C2)F)CC(=O)O
LiverTox,135398738,Dacarbazine,1,CN(C)/N=N/C1=C(NC=N1)C(=O)N
DILI,4168,metoclopramide,1,CCN(CC)CCNC(=O)C1=CC(=C(C=C1OC)N)Cl
LiverTox,5284570,Hydromorphone,0,CN1CC[C@]23[C@@H]4[C@H]1CC5=C2C(=C(C=C5)O)O[C@H]3C(=O)CC4
LiverTox,5284569,Hydrocodone,0,CN1CC[C@]23[C@@H]4[C@H]1CC5=C2C(=C(C=C5)OC)O[C@H]3C(=O)CC4
DILI,3397,flutamide,1,CC(C)C(=O)NC1=CC(=C(C=C1)[N+](=O)[O-])C(F)(F)F
DILI,25244225,enoxaparin,1,C([C@@H]1C([C@@H](C(C(O1)O)NS(=O)(=O)[O-])O)O[C@H]2C([C@H](C(C(O2)C(=O)[O-])O)O)OS(=O)(=O)[O-])OS(=O)(=O)[O-]
LiverTox,3365,Fluconazole,1,C1=CC(=C(C=C1F)F)C(CN2C=NC=N2)(CN3C=NC=N3)O
DILI,5351166,dacarbazine,1,CN(C)N/N=C\1/C(=NC=N1)C(=O)N
DILI,16130957,ganirelixacetate,0,CCNC(=NCCCC[C@H](C(=O)N[C@@H](CC(C)C)C(=O)N[C@@H](CCCCN=C(NCC)NCC)C(=O)N1CCC[C@H]1C(=O)N[C@H](C)C(=O)N)NC(=O)[C@H](CC2=CC=C(C=C2)O)NC(=O)[C@H](CO)NC(=O)[C@@H](CC3=CN=CC=C3)NC(=O)[C@@H](CC4=CC=C(C=C4)Cl)NC(=O)[C@@H](CC5=CC6=CC=CC=C6C=C5)NC(=O)C)NCC
LiverTox,5596,Trospium,0,C1CC[N+]2(C1)C3CCC2CC(C3)OC(=O)C(C4=CC=CC=C4)(C5=CC=CC=C5)O
LiverTox,896,Melatonin,0,CC(=O)NCCC1=CNC2=C1C=C(C=C2)OC
DILI,36811,dobutamine,0,CC(CCC1=CC=C(C=C1)O)NCCC2=CC(=C(C=C2)O)O
DILI,2898,cyclofenil,1,CC(=O)OC1=CC=C(C=C1)C(=C2CCCCC2)C3=CC=C(C=C3)OC(=O)C
DILI,28858,fenclozicacid,1,C1=CC(=CC=C1C2=NC(=CS2)CC(=O)O)Cl
DILI,1986,acetazolamide,1,CC(=O)NC1=NN=C(S1)S(=O)(=O)N
DILI,62959,trovafloxacin,1,C1[C@@H]2[C@@H](C2N)CN1C3=C(C=C4C(=O)C(=CN(C4=N3)C5=C(C=C(C=C5)F)F)C(=O)O)F
DILI,3038497,fospropofol,1,CC(C)C1=C(C(=CC=C1)C(C)C)OCOP(=O)([O-])[O-].[Na+].[Na+]
DILI,636380,fondaparinuxsodium,1,CO[C@@H]1[C@@H]([C@H]([C@@H]([C@H](O1)COS(=O)(=O)[O-])O[C@H]2[C@@H]([C@H]([C@@H]([C@@H](O2)C(=O)[O-])O[C@@H]3[C@@H]([C@H]([C@@H]([C@H](O3)COS(=O)(=O)[O-])O[C@H]4[C@@H]([C@H]([C@@H]([C@H](O4)C(=O)[O-])O[C@@H]5[C@@H]([C@H]([C@@H]([C@H](O5)COS(=O)(=O)[O-])O)O)NS(=O)(=O)[O-])O)O)OS(=O)(=O)[O-])NS(=O)(=O)[O-])O)OS(=O)(=O)[O-])O)NS(=O)(=O)[O-].[Na+].[Na+].[Na+].[Na+].[Na+].[Na+].[Na+].[Na+].[Na+].[Na+]
DILI,5770,reserpine,0,CO[C@H]1[C@@H](C[C@@H]2CN3CCC4=C([C@H]3C[C@@H]2[C@@H]1C(=O)OC)NC5=C4C=CC(=C5)OC)OC(=O)C6=CC(=C(C(=C6)OC)OC)OC
DILI,50313,fialuridine,1,C1=C(C(=O)NC(=O)N1[C@H]2[C@H]([C@@H]([C@H](O2)CO)O)F)I
DILI,3279,ethambutol,1,CCC(CO)NCCNC(CC)CO
DILI,125017,desvenlafaxine,1,CN(C)CC(C1=CC=C(C=C1)O)C2(CCCCC2)O
DILI,15459,metaxalone,1,CC1=CC(=CC(=C1)OCC2CNC(=O)O2)C
LiverTox,4409,Nabumetone,0,CC(=O)CCC1=CC2=C(C=C1)C=C(C=C2)OC
DILI,16129629,daptomycin,1,CCCCCCCCCC(=O)N[C@@H](CC1=CNC2=CC=CC=C21)C(=O)N[C@@H](CC(=O)N)C(=O)N[C@@H](CC(=O)O)C(=O)NC3C(OC(=O)[C@@H](NC(=O)[C@@H](NC(=O)[C@H](NC(=O)CNC(=O)[C@@H](NC(=O)[C@H](NC(=O)[C@@H](NC(=O)[C@@H](NC(=O)CNC3=O)CCCN)CC(=O)O)C)CC(=O)O)CO)C(C)CC(=O)O)CC(=O)C4=CC=CC=C4N)C
DILI,71900,nitrefazole,1,CC1=NC(=CN1C2=CC=C(C=C2)[N+](=O)[O-])[N+](=O)[O-]
DILI,5362124,benazepril,1,CCOC(=O)[C@H](CCC1=CC=CC=C1)N[C@H]2CCC3=CC=CC=C3N(C2=O)CC(=O)O
DILI,2284,baclofen,1,C1=CC(=CC=C1C(CC(=O)O)CN)Cl
DILI,4828,pindolol,0,CC(C)NCC(COC1=CC=CC2=C1C=CN2)O
LiverTox,8969,Yohimbine,0,COC(=O)[C@H]1[C@H](CC[C@@H]2[C@@H]1C[C@H]3C4=C(CCN3C2)C5=CC=CC=C5N4)O
LiverTox,2907,Cyclophosphamide,1,C1CNP(=O)(OC1)N(CCCl)CCCl
LiverTox,23925,Iron,1,[Fe]
DILI,134018,febuxostat,1,CC1=C(SC(=N1)C2=CC(=C(C=C2)OCC(C)C)C#N)C(=O)O
DILI,49800073,saxagliptin,0,C1[C@@H]2C[C@@H]2N([C@@H]1C#N)C(=O)[C@H](C34CC5CC(C3)CC(C5)(C4)O)N.Cl
DILI,37464,penbutolol,0,CC(C)(C)NC[C@@H](COC1=CC=CC=C1C2CCCC2)O
DILI,4058,meperidine,0,CCOC(=O)C1(CCN(CC1)C)C2=CC=CC=C2
DILI,56339,fosphenytoin,1,C1=CC=C(C=C1)C2(C(=O)N(C(=O)N2)COP(=O)(O)O)C3=CC=CC=C3
DILI,57166,porfimer,0,CC1=C(C2=CC3=NC(=CC4=NC(=CC5=C(C(=C(N5)C=C1N2)C(C)OC(C)C6=C(C7=CC8=C(C(=C(N8)C=C9C(=C(C(=N9)C=C1C(=C(C(=N1)C=C6N7)C)CCC(=O)O)CCC(=O)O)C)C)C(C)O)C)C)C(=C4CCC(=O)O)C)C(=C3C)CCC(=O)O)C(C)O
LiverTox,5656,Venlafaxine,1,CN(C)CC(C1=CC=C(C=C1)OC)C2(CCCCC2)O
DILI,47319,atracurium,0,C[N+]1(CCC2=CC(=C(C=C2C1CC3=CC(=C(C=C3)OC)OC)OC)OC)CCC(=O)OCCCCCOC(=O)CC[N+]4(CCC5=CC(=C(C=C5C4CC6=CC(=C(C=C6)OC)OC)OC)OC)C
DILI,9574101,ximelagatran,1,CCOC(=O)CN[C@H](C1CCCCC1)C(=O)N2CC[C@H]2C(=O)NCC3=CC=C(C=C3)/C(=N/O)/N
DILI,2610,cefadroxil,1,CC1=C(N2C(C(C2=O)NC(=O)C(C3=CC=C(C=C3)O)N)SC1)C(=O)O
LiverTox,18283,Stavudine,1,CC1=CN(C(=O)NC1=O)[C@H]2C=C[C@H](O2)CO
LiverTox,22318,Gold-sodium-thiomalate,1,C(C(C(=O)[O-])[S-])C(=O)[O-].[Na+].[Na+].[Au+]
LiverTox,4934,Propantheline,0,CC(C)[N+](C)(CCOC(=O)C1C2=CC=CC=C2OC3=CC=CC=C13)C(C)C
DILI,2662,celecoxib,1,CC1=CC=C(C=C1)C2=CC(=NN2C3=CC=C(C=C3)S(=O)(=O)N)C(F)(F)F
DILI,2083,salbutamol,0,CC(C)(C)NCC(C1=CC(=C(C=C1)O)CO)O
DILI,3902,letrozole,1,C1=CC(=CC=C1C#N)C(C2=CC=C(C=C2)C#N)N3C=NC=N3
DILI,2478,busulfan,1,CS(=O)(=O)OCCCCOS(=O)(=O)C
DILI,60815,remifentanil,1,CCC(=O)N(C1=CC=CC=C1)C2(CCN(CC2)CCC(=O)OC)C(=O)OC
LiverTox,456201,Ketoconazole,1,CC(=O)N1CCN(CC1)C2=CC=C(C=C2)OC[C@H]3CO[C@](O3)(CN4C=CN=C4)C5=C(C=C(C=C5)Cl)Cl
DILI,3478,glipizide,1,CC1=CN=C(C=N1)C(=O)NCCC2=CC=C(C=C2)S(=O)(=O)NC(=O)NC3CCCCC3
DILI,5401,terazosin,0,COC1=C(C=C2C(=C1)C(=NC(=N2)N3CCN(CC3)C(=O)C4CCCO4)N)OC
DILI,25077179,triptorelinpamoate,1,CC(C)CC(C(=O)NC(CCCN=C(N)N)C(=O)N1CCCC1C(=O)NCC(=O)N)NC(=O)C(CC2=CNC3=CC=CC=C32)NC(=O)C(CC4=CC=C(C=C4)O)NC(=O)C(CO)NC(=O)C(CC5=CNC6=CC=CC=C65)NC(=O)C(CC7=CN=CN7)NC(=O)C8CCC(=O)N8
DILI,4171,metoprolol,1,CC(C)NCC(COC1=CC=C(C=C1)CCOC)O
DILI,444007,pentagastrin,0,CC(C)COC(=O)NCCC(=O)N[C@@H](CC1=CNC2=CC=CC=C21)C(=O)N[C@@H](CCSC)C(=O)N[C@@H](CC(=O)O)C(=O)N[C@@H](CC3=CC=CC=C3)C(=O)N
DILI,2895,cyclobenzaprine,1,CN(C)CCC=C1C2=CC=CC=C2C=CC3=CC=CC=C31
DILI,5479537,cefepime,1,C[N+]1(CCCC1)CC2=C(N3[C@@H]([C@@H](C3=O)NC(=O)/C(=N\OC)/C4=CSC(=N4)N)SC2)C(=O)[O-]
DILI,77991,rivastigmine,1,CCN(C)C(=O)OC1=CC=CC(=C1)[C@H](C)N(C)C
DILI,3308,etodolac,1,CCC1=C2C(=CC=C1)C3=C(N2)C(OCC3)(CC)CC(=O)O
DILI,4539,norfloxacin,1,CCN1C=C(C(=O)C2=CC(=C(C=C21)N3CCNCC3)F)C(=O)O
LiverTox,2723601,Thioguanine,1,C1=NC2=C(N1)C(=S)N=C(N2)N
LiverTox,64139,Efavirenz,1,C1CC1C#C[C@]2(C3=C(C=CC(=C3)Cl)NC(=O)O2)C(F)(F)F
DILI,54687,pravastatin,1,CC[C@H](C)C(=O)O[C@H]1C[C@@H](C=C2[C@H]1[C@H]([C@H](C=C2)C)CC[C@H](C[C@H](CC(=O)O)O)O)O
DILI,60750,gemcitabine,1,C1=CN(C(=O)N=C1N)[C@H]2C([C@@H]([C@H](O2)CO)O)(F)F
LiverTox,708857,Pyrantel,0,CN1CCCN=C1/C=C/C2=CC=CS2
DILI,6436030,sirolimus,1,C[C@@H]1CC[C@H]2C[C@@H](/C(=C/C=C/C=C/[C@H](C[C@H](C(=O)[C@@H]([C@@H](/C(=C/[C@H](C(=O)C[C@H](OC(=O)[C@@H]3CCCCN3C(=O)C(=O)[C@@]1(O2)O)[C@H](C)CC4CC[C@H]([C@@H](C4)OC)O)C)/C)O)OC)C)C)/C)OC
DILI,8549,quinine,1,COC1=CC2=C(C=CN=C2C=C1)[C@H]([C@@H]3CC4CCN3C[C@@H]4C=C)O
DILI,3955,loperamide,0,CN(C)C(=O)C(CCN1CCC(CC1)(C2=CC=C(C=C2)Cl)O)(C3=CC=CC=C3)C4=CC=CC=C4
DILI,16362,pimozide,0,C1CN(CCC1N2C3=CC=CC=C3NC2=O)CCCC(C4=CC=C(C=C4)F)C5=CC=C(C=C5)F
DILI,708857,pyrantel,0,CN1CCCN=C1/C=C/C2=CC=CS2
DILI,115237,paliperidone,0,CC1=C(C(=O)N2CCCC(C2=N1)O)CCN3CCC(CC3)C4=NOC5=C4C=CC(=C5)F
DILI,3658,hydroxyzine,0,C1CN(CCN1CCOCCO)C(C2=CC=CC=C2)C3=CC=C(C=C3)Cl
DILI,6433516,simethicone,0,CO[Si](C)(C)O[Si](C)(C)C.O=[Si]=O
DILI,6918508,falnidamol,1,CN1CCC(CC1)NC2=NC=C3C(=N2)C(=NC=N3)NC4=CC(=C(C=C4)F)Cl
LiverTox,5487427,Tiotropium,0,C[N+]1([C@@H]2CC(C[C@H]1[C@H]3[C@@H]2O3)OC(=O)C(C4=CC=CS4)(C5=CC=CS5)O)C
DILI,3007,amphetamine,1,CC(CC1=CC=CC=C1)N
DILI,9578005,dexlansoprazole,1,CC1=C(C=CN=C1C[S@@](=O)C2=NC3=CC=CC=C3N2)OCC(F)(F)F
DILI,5071,rimantadine,0,CC(C12CC3CC(C1)CC(C3)C2)N
DILI,5865,prednisone,1,C[C@]12CC(=O)[C@H]3[C@H]([C@@H]1CC[C@@]2(C(=O)CO)O)CCC4=CC(=O)C=C[C@]34C
LiverTox,14969,Vancomycin,1,C[C@H]1[C@H]([C@@](C[C@@H](O1)O[C@@H]2[C@H]([C@@H]([C@H](O[C@H]2OC3=C4C=C5C=C3OC6=C(C=C(C=C6)[C@H]([C@H](C(=O)N[C@H](C(=O)N[C@H]5C(=O)N[C@@H]7C8=CC(=C(C=C8)O)C9=C(C=C(C=C9O)O)[C@H](NC(=O)[C@H]([C@@H](C1=CC(=C(O4)C=C1)Cl)O)NC7=O)C(=O)O)CC(=O)N)NC(=O)[C@@H](CC(C)C)NC)O)Cl)CO)O)O)(C)N)O
DILI,3488,glibenclamide,1,COC1=C(C=C(C=C1)Cl)C(=O)NCCC2=CC=C(C=C2)S(=O)(=O)NC(=O)NC3CCCCC3
DILI,6741,methylprednisolone,1,C[C@H]1C[C@H]2[C@@H]3CC[C@@]([C@]3(C[C@@H]([C@@H]2[C@@]4(C1=CC(=O)C=C4)C)O)C)(C(=O)CO)O
DILI,4932,propafenone,1,CCCNCC(COC1=CC=CC=C1C(=O)CCC2=CC=CC=C2)O
DILI,2727,chlorpropamide,1,CCCNC(=O)NS(=O)(=O)C1=CC=C(C=C1)Cl
DILI,156419,cinacalcet,0,C[C@H](C1=CC=CC2=CC=CC=C21)NCCCC3=CC(=CC=C3)C(F)(F)F
DILI,9833444,sincalide,0,CSCC[C@@H](C(=O)NCC(=O)N[C@@H](CC1=CNC2=CC=CC=C21)C(=O)N[C@@H](CCSC)C(=O)N[C@@H](CC(=O)O)C(=O)N[C@@H](CC3=CC=CC=C3)C(=O)N)NC(=O)[C@H](CC4=CC=C(C=C4)OS(=O)(=O)O)NC(=O)[C@H](CC(=O)O)N
DILI,4595,ondansetron,1,CC1=NC=CN1CC2CCC3=C(C2=O)C4=CC=CC=C4N3C
DILI,127893,epoetin,alfa,0
DILI,4030,mebendazole,1,COC(=O)NC1=NC2=C(N1)C=C(C=C2)C(=O)C3=CC=CC=C3
LiverTox,5910,Pilocarpine,0,CC[C@H]1[C@H](COC1=O)CC2=CN=CN2C
LiverTox,446157,Rosuvastatin,1,CC(C)C1=NC(=NC(=C1/C=C/[C@H](C[C@H](CC(=O)O)O)O)C2=CC=C(C=C2)F)N(C)S(=O)(=O)C
DILI,441290,rocuronium,0,CC(=O)O[C@H]1[C@H](C[C@@H]2[C@@]1(CC[C@H]3[C@H]2CC[C@@H]4[C@@]3(C[C@@H]([C@H](C4)O)N5CCOCC5)C)C)[N+]6(CCCC6)CC=C
DILI,33036,dexchlorpheniramine,0,CN(C)CC[C@@H](C1=CC=C(C=C1)Cl)C2=CC=CC=N2
DILI,7028,pseudoephedrine,0,C[C@@H]([C@H](C1=CC=CC=C1)O)NC
DILI,60700,topotecan,0,CC[C@@]1(C2=C(COC1=O)C(=O)N3CC4=CC5=C(C=CC(=C5CN(C)C)O)N=C4C3=C2)O
DILI,5719,zaleplon,0,CCN(C1=CC=CC(=C1)C2=CC=NC3=C(C=NN23)C#N)C(=O)C
DILI,6322,l-arginine,0,C(C[C@@H](C(=O)O)N)CN=C(N)N
DILI,60773,valaciclovir,1,CC(C)[C@@H](C(=O)OCCOCN1C=NC2=C1NC(=NC2=O)N)N
DILI,134070,calcitriol,0,C[C@H](CCCC(C)(C)O)[C@H]1CC[C@@H]2[C@@]1(CCCC2=CC=C3C[C@H](C[C@@H](C3=C)O)O)C
LiverTox,3821,Ketamine,1,CNC1(CCCCC1=O)C2=CC=CC=C2Cl
DILI,3033952,niperotidine,1,CN(C)CC1=CC=C(O1)CSCCN/C(=C\[N+](=O)[O-])/NCC2=CC3=C(C=C2)OCO3
DILI,392622,ritonavir,1,CC(C)C1=NC(=CS1)CN(C)C(=O)N[C@@H](C(C)C)C(=O)N[C@@H](CC2=CC=CC=C2)C[C@@H]([C@H](CC3=CC=CC=C3)NC(=O)OCC4=CN=CS4)O
LiverTox,5453,Thiotepa,1,C1CN1P(=S)(N2CC2)N3CC3
DILI,3826,ketorolac,1,C1CN2C(=CC=C2C(=O)C3=CC=CC=C3)C1C(=O)O
DILI,2370,bethanechol,0,CC(C[N+](C)(C)C)OC(=O)N
LiverTox,24199313,Gold-Auranofin,1,CCP(CC)CC.CC(=O)OCC1C(C(C(C(O1)[S-])OC(=O)C)OC(=O)C)OC(=O)C.[Au+]
DILI,4062,mepivacaine,0,CC1=C(C(=CC=C1)C)NC(=O)C2CCCCN2C
DILI,59768,esmolol,0,CC(C)NCC(COC1=CC=C(C=C1)CCC(=O)OC)O
DILI,23663870,gammahydroxybutyricacid,0,C(CC(=O)[O-])CO.[Na+]
DILI,64778,meropenem,1,C[C@@H]1[C@@H]2[C@H](C(=O)N2C(=C1S[C@H]3CC[C@H](N3)C(=O)N(C)C)C(=O)O)[C@@H](C)O
DILI,44152182,ecallantide,0,CC[C@H](C)[C@H]1C(=O)N[C@H](C(=O)NCC(=O)NCC(=O)N[C@H]2CSSC[C@H]3C(=O)N[C@H](C(=O)N[C@H](C(=O)N[C@H](C(=O)N[C@H](C(=O)N4CCC[C@H]4C(=O)N[C@H](C(=O)N[C@H](C(=O)N[C@H](C(=O)N[C@H](C(=O)N[C@H](C(=O)N[C@H](C(=O)N[C@H](C(=O)N[C@H](C(=O)N[C@H](C(=O)N[C@H](C(=O)N[C@@H](CSSC[C@@H](C(=O)N[C@H](C(=O)N[C@H](C(=O)N[C@H](C(=O)N[C@@H](CSSC[C@@H](C(=O)N[C@H](C(=O)N[C@H](C(=O)N[C@H](C(=O)N[C@H](C(=O)N[C@H](C(=O)N[C@H](C(=O)NCC(=O)N5CCC[C@H]5C(=O)N3)CC(=O)O)CC(=O)O)C)CCCCN)CC6=CC=CC=C6)C)NC(=O)[C@H](CC7=CC=CC=C7)NC(=O)[C@H](CO)NC(=O)[C@H](CC8=CN=CN8)NC(=O)[C@H](CCSC)NC(=O)[C@H](C)NC(=O)[C@H](CCC(=O)O)N)C(=O)N[C@@H]([C@H](C)O)C(=O)N[C@@H](CCCNC(=N)N)C(=O)N[C@@H](CC(=O)O)C(=O)O)CCSC)CCCCN)CCCCN)NC(=O)[C@@H](NC(=O)[C@@H](NC(=O)[C@@H](NC(=O)[C@@H](NC(=O)[C@@H](NC(=O)[C@@H](NC(=O)[C@@H](NC(=O)[C@@H](NC(=O)[C@@H](NC(=O)[C@@H](NC(=O)CNC(=O)[C@@H](NC2=O)CCC(=O)O)CC(=O)N)CCC(=O)N)CC(=O)N)CCCNC(=N)N)CC9=CC=CC=C9)CCC(=O)O)CO)CC(C)C)CCC(=O)O)CCC(=O)O)C(=O)N[C@H](C(=O)N[C@H](C(=O)N[C@H](C(=O)N1)CC1=CC=CC=C1)CCC(=O)O)CCC(=O)O)CCC(=O)N)CCCNC(=N)N)[C@H](C)O)CC1=CC=CC=C1)[C@@H](C)CC)CC(=O)N)CC1=CC=CC=C1)CC1=CC=CC=C1)CC1=CNC2=CC=CC=C21)CCCNC(=N)N)CC1=CN=CN1)C)C)CCCNC(=N)N)CC1=CC=C(C=C1)O
LiverTox,3637,Hydralazine,1,C1=CC=C2C(=C1)C=NN=C2NN
DILI,3741,ioversol,0,C(CO)N(C1=C(C(=C(C(=C1I)C(=O)NCC(CO)O)I)C(=O)NCC(CO)O)I)C(=O)CO
DILI,5078,rizatriptan,0,CN(C)CCC1=CNC2=C1C=C(C=C2)CN3C=NC=N3
DILI,3899,leflunomide,1,CC1=C(C=NO1)C(=O)NC2=CC=C(C=C2)C(F)(F)F
DILI,16850,fluorescein,0,C1=CC=C2C(=C1)C(=O)OC23C4=C(C=C(C=C4)O)OC5=C3C=CC(=C5)O
DILI,39941,benoxaprofen,1,CC(C1=CC2=C(C=C1)OC(=N2)C3=CC=C(C=C3)Cl)C(=O)O
LiverTox,2726,Chlorpromazine,1,CN(C)CCCN1C2=CC=CC=C2SC3=C1C=C(C=C3)Cl
DILI,4543,nortriptyline,1,CNCCC=C1C2=CC=CC=C2CCC3=CC=CC=C31
DILI,3033637,nizatidine,1,CN/C(=C\[N+](=O)[O-])/NCCSCC1=CSC(=N1)CN(C)C
DILI,39186,diltiazem,1,CC(=O)O[C@@H]1[C@@H](SC2=CC=CC=C2N(C1=O)CCN(C)C)C3=CC=C(C=C3)OC
DILI,5402,terbinafine,1,CC(C)(C)C#CC=CCN(C)CC1=CC=CC2=CC=CC=C21
LiverTox,5959,Chloramphenicol,1,C1=CC(=CC=C1[C@H]([C@@H](CO)NC(=O)C(Cl)Cl)O)[N+](=O)[O-]
LiverTox,11259,metahexamide,1,CC1=C(C=C(C=C1)S(=O)(=O)NC(=O)NC2CCCCC2)N
DILI,453,mannitol,0,C(C(C(C(C(CO)O)O)O)O)O
DILI,1775,phenytoin,1,C1=CC=C(C=C1)C2(C(=O)NC(=O)N2)C3=CC=CC=C3
DILI,3086677,alatrofloxacinmesylate,1,C[C@@H](C(=O)N[C@@H](C)C(=O)NC1[C@H]2[C@@H]1CN(C2)C3=C(C=C4C(=O)C(=CN(C4=N3)C5=C(C=C(C=C5)F)F)C(=O)O)F)N
DILI,6179,mebanazine,1,CC(C1=CC=CC=C1)NN
DILI,2081,alaproclate,1,CC(C(=O)OC(C)(C)CC1=CC=C(C=C1)Cl)N
DILI,3034010,orlistat,1,CCCCCCCCCCC[C@@H](C[C@H]1[C@@H](C(=O)O1)CCCCCC)OC(=O)[C@H](CC(C)C)NC=O
DILI,3883,lansoprazole,1,CC1=C(C=CN=C1CS(=O)C2=NC3=CC=CC=C3N2)OCC(F)(F)F
DILI,176168,lanthanumcarbonate,0,C(=O)([O-])[O-].C(=O)([O-])[O-].C(=O)([O-])[O-].O.[La+3].[La+3]
DILI,5978,vincristine,1,CC[C@@]1(C[C@@H]2C[C@@](C3=C(CCN(C2)C1)C4=CC=CC=C4N3)(C5=C(C=C6C(=C5)[C@]78CCN9[C@H]7[C@@](C=CC9)([C@H]([C@@]([C@@H]8N6C=O)(C(=O)OC)O)OC(=O)C)CC)OC)C(=O)OC)O
DILI,60835,duloxetine,1,CNCC[C@@H](C1=CC=CS1)OC2=CC=CC3=CC=CC=C32
LiverTox,3899,Leflunomide,1,CC1=C(C=NO1)C(=O)NC2=CC=C(C=C2)C(F)(F)F
DILI,54454,simvastatin,1,CCC(C)(C)C(=O)O[C@H]1C[C@H](C=C2[C@H]1[C@H]([C@H](C=C2)C)CC[C@@H]3C[C@H](CC(=O)O3)O)C
LiverTox,5360515,Naltrexone,0,C1CC1CN2CC[C@]34[C@@H]5C(=O)CC[C@]3([C@H]2CC6=C4C(=C(C=C6)O)O5)O
DILI,3869,labetalol,1,CC(CCC1=CC=CC=C1)NCC(C2=CC(=C(C=C2)O)C(=O)N)O
LiverTox,4911,Probenecid,0,CCCN(CCC)S(=O)(=O)C1=CC=C(C=C1)C(=O)O
DILI,19190,indocyaninegreen,0,CC1(C(=[N+](C2=C1C3=CC=CC=C3C=C2)CCCCS(=O)(=O)[O-])C=CC=CC=CC=C4C(C5=C(N4CCCCS(=O)(=O)[O-])C=CC6=CC=CC=C65)(C)C)C.[Na+]
DILI,65592,tilbroquinol,1,CC1=CC(=C(C2=C1C=CC=N2)O)Br
DILI,4195,midodrine,0,COC1=CC(=C(C=C1)OC)C(CNC(=O)CN)O
DILI,6439133,rosuvastatin,1,CC(C)C1=NC(=NC(=C1/C=C/[C@@H](C[C@H](CC(=O)O)O)O)C2=CC=C(C=C2)F)N(C)S(=O)(=O)C
DILI,4678,dexpanthenol,0,CC(C)(CO)C(C(=O)NCCCO)O
DILI,60823,atorvastatin,1,CC(C)C1=C(C(=C(N1CC[C@H](C[C@H](CC(=O)O)O)O)C2=CC=C(C=C2)F)C3=CC=CC=C3)C(=O)NC4=CC=CC=C4
DILI,2118,alprazolam,1,CC1=NN=C2N1C3=C(C=C(C=C3)Cl)C(=NC2)C4=CC=CC=C4
DILI,36462,etoposide,1,C[C@@H]1OC[C@@H]2[C@@H](O1)[C@@H]([C@H]([C@@H](O2)O[C@H]3[C@H]4COC(=O)[C@@H]4[C@@H](C5=CC6=C(C=C35)OCO6)C7=CC(=C(C(=C7)OC)O)OC)O)O
DILI,50599,didanosine,1,C1C[C@@H](O[C@@H]1CO)N2C=NC3=C2NC=NC3=O
DILI,298,chloramphenicol,0,C1=CC(=CC=C1C(C(CO)NC(=O)C(Cl)Cl)O)[N+](=O)[O-]
DILI,38409,ticrynafen,1,C1=CSC(=C1)C(=O)C2=C(C(=C(C=C2)OCC(=O)O)Cl)Cl
DILI,5546,triamterene,1,C1=CC=C(C=C1)C2=NC3=C(N=C(N=C3N=C2N)N)N
DILI,18283,stavudine,1,CC1=CN(C(=O)NC1=O)[C@H]2C=C[C@H](O2)CO
DILI,146570,escitalopram,1,CN(C)CCC[C@@]1(C2=C(CO1)C=C(C=C2)C#N)C3=CC=C(C=C3)F
DILI,3356,flecainide,1,C1CCNC(C1)CNC(=O)C2=C(C=CC(=C2)OCC(F)(F)F)OCC(F)(F)F
DILI,4086,orciprenaline,0,CC(C)NCC(C1=CC(=CC(=C1)O)O)O
DILI,3305,etidronicacid,0,CC(O)(P(=O)(O)O)P(=O)(O)O
LiverTox,1983,Acetaminophen,1,CC(=O)NC1=CC=C(C=C1)O
DILI,3011155,nelarabine,1,COC1=NC(=NC2=C1N=CN2[C@H]3[C@H]([C@@H]([C@H](O3)CO)O)O)N
DILI,1983,acetaminophen,1,CC(=O)NC1=CC=C(C=C1)O
DILI,16132446,pramlintide,0,CC[C@H](C)[C@@H](C(=O)N[C@@H](CC(C)C)C(=O)N1CCC[C@H]1C(=O)N2CCC[C@H]2C(=O)N[C@@H]([C@@H](C)O)C(=O)N[C@@H](CC(=O)N)C(=O)N[C@@H](C(C)C)C(=O)NCC(=O)N[C@@H](CO)C(=O)N[C@@H](CC(=O)N)C(=O)N[C@@H]([C@@H](C)O)C(=O)N[C@@H](CC3=CC=C(C=C3)O)C(=O)N)NC(=O)[C@@H]4CCCN4C(=O)CNC(=O)[C@H](CC5=CC=CC=C5)NC(=O)[C@H](CC(=O)N)NC(=O)[C@H](CC(=O)N)NC(=O)[C@H](CO)NC(=O)[C@H](CO)NC(=O)[C@H](CC6=CN=CN6)NC(=O)[C@H](C(C)C)NC(=O)[C@H](CC(C)C)NC(=O)[C@H](CC7=CC=CC=C7)NC(=O)[C@H](CC(=O)N)NC(=O)[C@H](C)NC(=O)[C@H](CC(C)C)NC(=O)[C@H](CCCNC(=N)N)NC(=O)[C@H](CCC(=O)N)NC(=O)[C@H]([C@@H](C)O)NC(=O)[C@H](C)NC(=O)[C@H](CS)NC(=O)[C@H]([C@@H](C)O)NC(=O)[C@H](C)NC(=O)[C@H]([C@@H](C)O)NC(=O)[C@H](CC(=O)N)NC(=O)[C@H](CS)NC(=O)[C@H](CCCCN)N
DILI,6432,perflutren,0,C(C(F)(F)F)(C(F)(F)F)(F)F
DILI,3121,valproicacid,1,CCCC(CCC)C(=O)O
DILI,4044,mefenamicacid,1,CC1=C(C(=CC=C1)NC2=CC=CC=C2C(=O)O)C
DILI,4211,mitotane,0,C1=CC=C(C(=C1)C(C2=CC=C(C=C2)Cl)C(Cl)Cl)Cl
DILI,2162,amlodipine,1,CCOC(=O)C1=C(NC(=C(C1C2=CC=CC=C2Cl)C(=O)OC)C)COCCN
DILI,40958,cefaclor,1,C1C(=C(N2[C@H](S1)[C@@H](C2=O)NC(=O)C(C3=CC=CC=C3)N)C(=O)O)Cl
LiverTox,1989,acetohexamide,1,CC(=O)C1=CC=C(C=C1)S(=O)(=O)NC(=O)NC2CCCCC2
LiverTox,2160,Amitriptyline,1,CN(C)CCC=C1C2=CC=CC=C2CCC3=CC=CC=C31
DILI,27686,cromoglicate,1,C1=CC2=C(C(=C1)OCC(COC3=CC4=C(C=C3)OC(=CC4=O)C(=O)O)O)C(=O)C=C(O2)C(=O)O
DILI,5464436,gemifloxacin,1,CO/N=C\1/CN(CC1CN)C2=C(C=C3C(=O)C(=CN(C3=N2)C4CC4)C(=O)O)F
DILI,82170,sorbitol,0,C([C@H]([C@@H]([C@H]([C@H](CO)O)O)O)O)O
LiverTox,73111,Senna,0,C1=CC2=C(C(=C1)O[C@H]3[C@@H]([C@H]([C@@H]([C@H](O3)CO)O)O)O)C(=O)C4=C([C@@H]2[C@@H]5C6=C(C(=CC=C6)O[C@H]7[C@@H]([C@H]([C@@H]([C@H](O7)CO)O)O)O)C(=O)C8=C5C=C(C=C8O)C(=O)O)C=C(C=C4O)C(=O)O
DILI,2341,benzphetamine,0,CC(CC1=CC=CC=C1)N(C)CC2=CC=CC=C2
DILI,60947,tirofiban,0,CCCCS(=O)(=O)N[C@@H](CC1=CC=C(C=C1)OCCCCC2CCNCC2)C(=O)O
DILI,3386,fluoxetine,1,CNCCC(C1=CC=CC=C1)OC2=CC=C(C=C2)C(F)(F)F
DILI,5281021,minocycline,1,CN(C)[C@H]1[C@@H]2C[C@@H]3CC4=C(C=CC(=C4C(=C3C(=O)[C@@]2(C(=O)/C(=C(/N)\O)/C1=O)O)O)O)N(C)C
DILI,8230,Argipressin,0,C1CC(N(C1)C(=O)C2CSSCC(C(=O)NC(C(=O)NC(C(=O)NC(C(=O)NC(C(=O)N2)CC(=O)N)CCC(=O)N)CC3=CC=CC=C3)CC4=CC=C(C=C4)O)N)C(=O)NC(CCCN=C(N)N)C(=O)NCC(=O)N
DILI,123606,almotriptan,0,CN(C)CCC1=CNC2=C1C=C(C=C2)CS(=O)(=O)N3CCCC3
LiverTox,6279,Progestins,1,C[C@H]1C[C@@H]2[C@H](CC[C@]3([C@H]2CC[C@@]3(C(=O)C)OC(=O)C)C)[C@@]4(C1=CC(=O)CC4)C
DILI,44185,cefoperazone,1,CCN1CCN(C(=O)C1=O)C(=O)NC(C2=CC=C(C=C2)O)C(=O)N[C@H]3[C@@H]4N(C3=O)C(=C(CS4)CSC5=NN=NN5C)C(=O)O
DILI,2157,amiodarone,1,CCCCC1=C(C2=CC=CC=C2O1)C(=O)C3=CC(=C(C(=C3)I)OCCN(CC)CC)I
DILI,5029,rabeprazole,1,CC1=C(C=CN=C1CS(=O)C2=NC3=CC=CC=C3N2)OCCCOC
DILI,5362129,ramipril,1,CCOC(=O)[C@H](CCC1=CC=CC=C1)N[C@@H](C)C(=O)N2[C@H]3CCC[C@H]3C[C@H]2C(=O)O
DILI,5793,dextrose,0,C([C@@H]1[C@H]([C@@H]([C@H](C(O1)O)O)O)O)O
DILI,2723601,thioguanine,1,C1=NC2=C(N1)C(=S)N=C(N2)N
DILI,441140,griseofulvin,1,C[C@@H]1CC(=O)C=C([C@]12C(=O)C3=C(O2)C(=C(C=C3OC)OC)Cl)OC
DILI,56959,ranolazine,0,CC1=C(C(=CC=C1)C)NC(=O)CN2CCN(CC2)CC(COC3=CC=CC=C3OC)O
LiverTox,446220,Cocaine,1,CN1[C@H]2CC[C@@H]1[C@H]([C@H](C2)OC(=O)C3=CC=CC=C3)C(=O)OC
LiverTox,3559,Haloperidol,1,C1CN(CCC1(C2=CC=C(C=C2)Cl)O)CCCC(=O)C3=CC=C(C=C3)F
DILI,65999,telmisartan,1,CCCC1=NC2=C(N1CC3=CC=C(C=C3)C4=CC=CC=C4C(=O)O)C=C(C=C2C)C5=NC6=CC=CC=C6N5C
DILI,4999,quazepam,0,C1C(=S)N(C2=C(C=C(C=C2)Cl)C(=N1)C3=CC=CC=C3F)CC(F)(F)F
LiverTox,3397,Flutamide,1,CC(C)C(=O)NC1=CC(=C(C=C1)[N+](=O)[O-])C(F)(F)F
DILI,6869,penicillinv,0,CC1([C@@H](N2[C@H](S1)[C@@H](C2=O)NC(=O)COC3=CC=CC=C3)C(=O)O)C
DILI,93860,bortezomib,1,B([C@@H](CC(C)C)NC(=O)[C@@H](CC1=CC=CC=C1)NC(=O)C2=NC=CN=C2)(O)O
DILI,6435893,cyclosporine,1,CCC1C(=O)N(CC(=O)N(C(C(=O)NC(C(=O)N(C(C(=O)NC(C(=O)NC(C(=O)N(C(C(=O)N(C(C(=O)N(C(C(=O)N(C(C(=O)N1)[C@@H]([C@H](C)C/C=C/C)O)C)C(C)C)C)CC(C)C)C)CC(C)C)C)C)C)CC(C)C)C)C(C)C)CC(C)C)C)C
DILI,35935,pirprofen,1,CC(C1=CC(=C(C=C1)N2CC=CC2)Cl)C(=O)O
DILI,5486971,pregabalin,1,CC(C)C[C@@H](CC(=O)O)CN
DILI,5775,phentolamine,0,CC1=CC=C(C=C1)N(CC2=NCCN2)C3=CC(=CC=C3)O
LiverTox,3226,Enflurane,1,C(C(OC(F)F)(F)F)(F)Cl
DILI,34869,amineptine,1,C1CC2=CC=CC=C2C(C3=CC=CC=C31)[NH2+]CCCCCCC(=O)O.[Cl-]
LiverTox,11693,Glycopyrrolate,0,C[N+]1(CCC(C1)OC(=O)C(C2CCCC2)(C3=CC=CC=C3)O)C.[Br-]
LiverTox,4763,Phenobarbital,0,CCC1(C(=O)NC(=O)NC1=O)C2=CC=CC=C2
DILI,208908,lapatinib,1,CS(=O)(=O)CCNCC1=CC=C(O1)C2=CC3=C(C=C2)N=CN=C3NC4=CC(=C(C=C4)OCC5=CC(=CC=C5)F)Cl
DILI,104865,bosentan,1,CC(C)(C)C1=CC=C(C=C1)S(=O)(=O)NC2=C(C(=NC(=N2)C3=NC=CC=N3)OCCO)OC4=CC=CC=C4OC
DILI,6010,methyltestosterone,1,C[C@]12CCC(=O)C=C1CC[C@@H]3[C@@H]2CC[C@]4([C@H]3CC[C@]4(C)O)C
LiverTox,3000322,Scopolamine,0,CN1[C@@H]2CC(C[C@H]1[C@H]3[C@@H]2O3)OC(=O)[C@H](CO)C4=CC=CC=C4
DILI,36339,etomidate,0,CCOC(=O)C1=CN=CN1C(C)C2=CC=CC=C2
DILI,16133850,teriparatide,0,CC[C@H](C)[C@@H](C(=O)N[C@@H](CCC(=O)N)C(=O)N[C@@H](CC(C)C)C(=O)N[C@@H](CCSC)C(=O)N[C@@H](CC1=CNC=N1)C(=O)N[C@@H](CC(=O)N)C(=O)N[C@@H](CC(C)C)C(=O)NCC(=O)N[C@@H](CCCCN)C(=O)N[C@@H](CC2=CNC=N2)C(=O)N[C@@H](CC(C)C)C(=O)N[C@@H](CC(=O)N)C(=O)N[C@@H](CO)C(=O)N[C@@H](CCSC)C(=O)N[C@@H](CCC(=O)O)C(=O)N[C@@H](CCCNC(=N)N)C(=O)N[C@@H](C(C)C)C(=O)N[C@@H](CCC(=O)O)C(=O)N[C@@H](CC3=CNC4=CC=CC=C43)C(=O)N[C@@H](CC(C)C)C(=O)N[C@@H](CCCNC(=N)N)C(=O)N[C@@H](CCCCN)C(=O)N[C@@H](CCCCN)C(=O)N[C@@H](CC(C)C)C(=O)N[C@@H](CCC(=O)N)C(=O)N[C@@H](CC(=O)O)C(=O)N[C@@H](C(C)C)C(=O)N[C@@H](CC5=CNC=N5)C(=O)N[C@@H](CC(=O)N)C(=O)N[C@@H](CC6=CC=CC=C6)C(=O)O)NC(=O)[C@H](CCC(=O)O)NC(=O)[C@H](CO)NC(=O)[C@H](C(C)C)NC(=O)[C@H](CO)N
DILI,65027,tipranavir,1,CCC[C@]1(CC(=O)C(=C(O1)O)[C@H](CC)C2=CC(=CC=C2)NS(=O)(=O)C3=NC=C(C=C3)C(F)(F)F)CCC4=CC=CC=C4
LiverTox,4748,Perphenazine,0,C1CN(CCN1CCCN2C3=CC=CC=C3SC4=C2C=C(C=C4)Cl)CCO
DILI,3365,fluconazole,1,C1=CC(=C(C=C1F)F)C(CN2C=NC=N2)(CN3C=NC=N3)O
DILI,5480200,pafuramidine,1,CO/N=C(\N)/C1=CC=C(C=C1)C2=CC=C(O2)C3=CC=C(C=C3)/C(=N/OC)/N
DILI,55185,azithromycin,1,CC[C@@H]1[C@@]([C@@H]([C@H](N(C[C@@H](C[C@@]([C@@H](C([C@@H]([C@H](C(=O)O1)C)O[C@H]2C[C@@]([C@H]([C@@H](O2)C)O)(C)OC)C)O[C@H]3[C@@H]([C@H](C[C@H](O3)C)N(C)C)O)(C)O)C)C)C)O)(C)O
DILI,5479,tinidazole,1,CCS(=O)(=O)CCN1C(=NC=C1[N+](=O)[O-])C
DILI,30323,daunorubicin,0,C[C@H]1[C@H]([C@H](C[C@@H](O1)O[C@H]2C[C@@](CC3=C2C(=C4C(=C3O)C(=O)C5=C(C4=O)C(=CC=C5)OC)O)(C(=O)C)O)N)O
DILI,18140,estramustine,1,CC12CCC3C(C1CCC2O)CCC4=C3C=CC(=C4)OC(=O)N(CCCl)CCCl
LiverTox,1775,Phenytoin,1,C1=CC=C(C=C1)C2(C(=O)NC(=O)N2)C3=CC=CC=C3
DILI,2818,clozapine,1,CN1CCN(CC1)C2=C3C=CC=CC3=NC4=C(N2)C=C(C=C4)Cl
DILI,3342,fenoprofen,1,CC(C1=CC(=CC=C1)OC2=CC=CC=C2)C(=O)O
DILI,5284604,oxymorphone,0,CN1CC[C@]23[C@@H]4C(=O)CC[C@]2([C@H]1CC5=C3C(=C(C=C5)O)O4)O
DILI,3911,leuprolide,1,CCNC(=O)C1CCCN1C(=O)C(CCCN=C(N)N)NC(=O)C(CC(C)C)NC(=O)C(CC(C)C)NC(=O)C(CC2=CC=C(C=C2)O)NC(=O)C(CO)NC(=O)C(CC3=CNC4=CC=CC=C43)NC(=O)C(CC5=CN=CN5)NC(=O)C6CCC(=O)N6
LiverTox,3354,Flavoxate,0,CC1=C(OC2=C(C1=O)C=CC=C2C(=O)OCCN3CCCCC3)C4=CC=CC=C4
DILI,2187,anastrozole,1,CC(C)(C#N)C1=CC(=CC(=C1)CN2C=NC=N2)C(C)(C)C#N
DILI,119607,valdecoxib,1,CC1=C(C(=NO1)C2=CC=CC=C2)C3=CC=C(C=C3)S(=O)(=O)N
DILI,3878,lamotrigine,1,C1=CC(=C(C(=C1)Cl)Cl)C2=C(N=C(N=N2)N)N
DILI,4260,moxisylyte,1,CC1=CC(=C(C=C1OC(=O)C)C(C)C)OCCN(C)C
LiverTox,5284592,Nabilone,0,CCCCCCC(C)(C)C1=CC(=C2[C@@H]3CC(=O)CC[C@H]3C(OC2=C1)(C)C)O
DILI,35370,zidovudine,1,CC1=CN(C(=O)NC1=O)[C@H]2C[C@@H]([C@H](O2)CO)N=[N+]=[N-]
DILI,2973,deferoxamine,1,CC(=O)N(CCCCCNC(=O)CCC(=O)N(CCCCCNC(=O)CCC(=O)N(CCCCCN)O)O)O
DILI,6476,methsuximide,0,CC1(CC(=O)N(C1=O)C)C2=CC=CC=C2
LiverTox,31703,Doxorubicin,1,C[C@H]1[C@H]([C@H](C[C@@H](O1)O[C@H]2C[C@@](CC3=C2C(=C4C(=C3O)C(=O)C5=C(C4=O)C(=CC=C5)OC)O)(C(=O)CO)O)N)O
DILI,3001055,ranitidine,1,CN/C(=C\[N+](=O)[O-])/NCCSCC1=CC=C(O1)CN(C)C
DILI,15330,propoxyphene,1,CCC(=O)OC(CC1=CC=CC=C1)(C2=CC=CC=C2)C(C)CN(C)C
DILI,47576,ketoconazole,1,CC(=O)N1CCN(CC1)C2=CC=C(C=C2)OC[C@@H]3CO[C@@](O3)(CN4C=CN=C4)C5=C(C=C(C=C5)Cl)Cl
LiverTox,3033,Diclofenac,1,C1=CC=C(C(=C1)CC(=O)O)NC2=C(C=CC=C2Cl)Cl
DILI,151171,conivaptan,0,CC1=NC2=C(N1)CCN(C3=CC=CC=C32)C(=O)C4=CC=C(C=C4)NC(=O)C5=CC=CC=C5C6=CC=CC=C6
DILI,439492,tacrolimus,1,C[C@@H]1C[C@@H]([C@@H]2[C@H](C[C@H]([C@@](O2)(C(=O)C(=O)N3CCCC[C@H]3C(=O)O[C@@H]([C@@H]([C@H](CC(=O)[C@@H](C=C(C1)C)CC=C)O)C)C(=C[C@@H]4CC[C@H]([C@@H](C4)OC)O)C)O)C)OC)OC
LiverTox,2764,Ciprofloxacin,1,C1CC1N2C=C(C(=O)C3=CC(=C(C=C32)N4CCNCC4)F)C(=O)O
DILI,9579578,esomeprazoleSodium,1,CC1=CN=C(C(=C1OC)C)C[S@@](=O)C2=NC3=C(N2)C=C(C=C3)OC
DILI,5462516,telithromycin,1,CC[C@@H]1[C@@]2([C@@H]([C@H](C(=O)[C@@H](C[C@]([C@@H]([C@H](C(=O)[C@H](C(=O)O1)C)C)O[C@H]3[C@@H]([C@H](C[C@H](O3)C)N(C)C)O)(C)OC)C)C)N(C(=O)O2)CCCCN4C=C(N=C4)C5=CN=CC=C5)C
DILI,3494,glycopyrrolate,0,C[N+]1(CCC(C1)OC(=O)C(C2CCCC2)(C3=CC=CC=C3)O)C
DILI,2952,dantrolene,1,C1C(=O)NC(=O)N1N=CC2=CC=C(O2)C3=CC=C(C=C3)[N+](=O)[O-]
LiverTox,5206,Sevoflurane,1,C(OC(C(F)(F)F)C(F)(F)F)F
DILI,3748,iproniazid,1,CC(C)NNC(=O)C1=CC=NC=C1
DILI,152951,argatroban,0,C[C@@H]1CCN([C@H](C1)C(=O)O)C(=O)[C@H](CCCN=C(N)N)NS(=O)(=O)C2=CC=CC3=C2NC[C@@H](C3)C
DILI,5610,tyramine,0,C1=CC(=CC=C1CCN)O
DILI,30751,fludarabine,0,C1=NC2=C(N=C(N=C2N1[C@H]3[C@H]([C@@H]([C@H](O3)COP(=O)(O)O)O)O)F)N
LiverTox,3696,Imipramine,1,CN(C)CCCN1C2=CC=CC=C2CCC3=CC=CC=C31
DILI,6759,riboflavin,0,CC1=CC2=C(C=C1C)N(C3=NC(=O)NC(=O)C3=N2)C[C@H]([C@H]([C@H](CO)O)O)O
DILI,3956,loracarbef,1,C1CC(=C(N2C1C(C2=O)NC(=O)C(C3=CC=CC=C3)N)C(=O)O)Cl
DILI,638678,protirelin,0,C1C[C@H](N(C1)C(=O)[C@H](CC2=CN=CN2)NC(=O)[C@@H]3CCC(=O)N3)C(=O)N
LiverTox,4771,Phentermine,0,CC(C)(CC1=CC=CC=C1)N
DILI,6691,warfarin,1,CC(=O)CC(C1=CC=CC=C1)C2=C(OC3=CC=CC=C3C2=O)O
LiverTox,3793,Itraconazole,1,CCC(C)N1C(=O)N(C=N1)C2=CC=C(C=C2)N3CCN(CC3)C4=CC=C(C=C4)OCC5COC(O5)(CN6C=NC=N6)C7=C(C=C(C=C7)Cl)Cl
DILI,208898,dronedarone,1,CCCCC1=C(C2=C(O1)C=CC(=C2)NS(=O)(=O)C)C(=O)C3=CC=C(C=C3)OCCCN(CCCC)CCCC
DILI,4991,pyridostigmine,0,C[N+]1=CC=CC(=C1)OC(=O)N(C)C
DILI,60871,adefovir,1,CC(C)(C)C(=O)OCOP(=O)(COCCN1C=NC2=C(N=CN=C21)N)OCOC(=O)C(C)(C)C
DILI,5281078,mycophenolatemofetil,1,CC1=C2COC(=O)C2=C(C(=C1OC)C/C=C(\C)/CCC(=O)OCCN3CCOCC3)O
DILI,33613,amoxicillin,1,CC1([C@@H](N2[C@H](S1)[C@@H](C2=O)NC(=O)[C@@H](C3=CC=C(C=C3)O)N)C(=O)O)C
LiverTox,4495,Nimesulide,1,CS(=O)(=O)NC1=C(C=C(C=C1)[N+](=O)[O-])OC2=CC=CC=C2
DILI,14956,amphotericinb,1,C[C@H]1C=CC=CC=CC=CC=CC=CC=C[C@@H](C[C@H]2[C@@H]([C@H](C[C@](O2)(C[C@H](C[C@H]([C@@H](CC[C@H](C[C@H](CC(=O)O[C@H]([C@@H]([C@@H]1O)C)C)O)O)O)O)O)O)O)C(=O)O)O[C@H]3[C@H]([C@H]([C@@H]([C@H](O3)C)O)N)O
DILI,4680,papaverine,1,COC1=C(C=C(C=C1)CC2=NC=CC3=CC(=C(C=C32)OC)OC)OC
DILI,3080,dimercaprol,0,C(C(CS)S)O
DILI,57363,finasteride,1,C[C@]12CC[C@H]3[C@H]([C@@H]1CC[C@@H]2C(=O)NC(C)(C)C)CC[C@@H]4[C@@]3(C=CC(=O)N4)C
DILI,5852,penicillamine,1,CC(C)([C@H](C(=O)O)N)S
DILI,2801,clomipramine,1,CN(C)CCCN1C2=CC=CC=C2CCC3=C1C=C(C=C3)Cl
DILI,1302,naproxen,1,CC(C1=CC2=C(C=C1)C=C(C=C2)OC)C(=O)O
DILI,5755,prednisolone,1,C[C@]12C[C@@H]([C@H]3[C@H]([C@@H]1CC[C@@]2(C(=O)CO)O)CCC4=CC(=O)C=C[C@]34C)O
DILI,2541,candesartan,1,CCOC1=NC2=CC=CC(=C2N1CC3=CC=C(C=C3)C4=CC=CC=C4C5=NNN=N5)C(=O)O
DILI,3961,losartan,1,CCCCC1=NC(=C(N1CC2=CC=C(C=C2)C3=CC=CC=C3C4=NNN=N4)CO)Cl
DILI,2733526,tamoxifen,1,CC/C(=C(\C1=CC=CC=C1)/C2=CC=C(C=C2)OCCN(C)C)/C3=CC=CC=C3
LiverTox,3763,Isoflurane,1,C(C(F)(F)F)(OC(F)F)Cl
LiverTox,446598,Clindamycin,1,CCC[C@@H]1C[C@H](N(C1)C)C(=O)N[C@@H]([C@@H]2[C@@H]([C@@H]([C@H]([C@H](O2)SC)O)O)O)[C@H](C)Cl
DILI,5361202,cefuroxime,1,CO/N=C(\C1=CC=CO1)/C(=O)N[C@H]2[C@@H]3N(C2=O)C(=C(CS3)COC(=O)N)C(=O)O
DILI,444031,darifenacin,0,C1CN(C[C@@H]1C(C2=CC=CC=C2)(C3=CC=CC=C3)C(=O)N)CCC4=CC5=C(C=C4)OCC5
DILI,3637,hydralazine,1,C1=CC=C2C(=C1)C=NN=C2NN
LiverTox,84029,Clarithromycin,1,CC[C@@H]1[C@@]([C@@H]([C@H](C(=O)[C@@H](C[C@@]([C@@H]([C@H]([C@@H]([C@H](C(=O)O1)C)O[C@H]2C[C@@]([C@H]([C@@H](O2)C)O)(C)OC)C)O[C@H]3[C@@H]([C@H](C[C@H](O3)C)N(C)C)O)(C)OC)C)C)O)(C)O
DILI,5212,sildenafil,1,CCCC1=NN(C2=C1NC(=NC2=O)C3=C(C=CC(=C3)S(=O)(=O)N4CCN(CC4)C)OCC)C
DILI,4927,promethazine,1,CC(CN1C2=CC=CC=C2SC3=CC=CC=C31)N(C)C
DILI,4768,phenoxybenzamine,0,CC(COC1=CC=CC=C1)N(CCCl)CC2=CC=CC=C2
DILI,6032,kanamycin,0,C1[C@H]([C@@H]([C@H]([C@@H]([C@H]1N)O[C@@H]2[C@@H]([C@H]([C@@H]([C@H](O2)CN)O)O)O)O)O[C@@H]3[C@@H]([C@H]([C@@H]([C@H](O3)CO)O)N)O)N
DILI,2710,chlorcyclizine,1,CN1CCN(CC1)C(C2=CC=CC=C2)C3=CC=C(C=C3)Cl
DILI,55245,mifepristone,0,CC#C[C@@]1(CC[C@@H]2[C@@]1(C[C@@H](C3=C4CCC(=O)C=C4CC[C@@H]23)C5=CC=C(C=C5)N(C)C)C)O
LiverTox,2082,Albendazole,1,CCCSC1=CC2=C(C=C1)N=C(N2)NC(=O)OC
LiverTox,9875401,Rivaroxaban,1,C1COCC(=O)N1C2=CC=C(C=C2)N3C[C@@H](OC3=O)CNC(=O)C4=CC=C(S4)Cl
DILI,14789,ferumoxytol,0,O[Fe]=O.O[Fe]=O.[Fe]
DILI,31378,fludrocortisone,0,C[C@]12CCC(=O)C=C1CC[C@@H]3[C@@]2([C@H](C[C@]4([C@H]3CC[C@@]4(C(=O)CO)O)C)O)F
DILI,216237,tolvaptan,1,CC1=CC=CC=C1C(=O)NC2=CC(=C(C=C2)C(=O)N3CCCC(C4=C3C=CC(=C4)Cl)O)C
LiverTox,44093,Captopril,1,C[C@H](CS)C(=O)N1CCC[C@H]1C(=O)O
LiverTox,667490,Mercaptopurine,1,C1=NC2=C(N1)C(=S)N=CN2
LiverTox,135398739,Didanosine,1,C1C[C@@H](O[C@@H]1CO)N2C=NC3=C2N=CNC3=O
LiverTox,56339,Fosphenytoin,0,C1=CC=C(C=C1)C2(C(=O)N(C(=O)N2)COP(=O)(O)O)C3=CC=CC=C3
DILI,6398588,sucralfate,0,C([C@@H]1[C@H]([C@@H]([C@H]([C@@H](O1)O[C@]2([C@H]([C@@H]([C@H](O2)OS(=O)(=O)[O-])OS(=O)(=O)[O-])OS(=O)(=O)[O-])COS(=O)(=O)[O-])OS(=O)(=O)[O-])OS(=O)(=O)[O-])OS(=O)(=O)[O-])OS(=O)(=O)[O-].O.O.O.[Al]
DILI,3516,guaifenesin,0,COC1=CC=CC=C1OCC(CO)O
DILI,65140,abacavir,1,C1CC1NC2=C3C(=NC(=N2)N)N(C=N3)C4C[C@H](C=C4)CO
DILI,148124,docetaxel,1,CC1=C2[C@H](C(=O)[C@@]3([C@H](C[C@@H]4[C@]([C@H]3[C@@H]([C@@](C2(C)C)(C[C@@H]1OC(=O)[C@@H]([C@H](C5=CC=CC=C5)NC(=O)OC(C)(C)C)O)O)OC(=O)C6=CC=CC=C6)(CO4)OC(=O)C)O)C)O
DILI,5353990,tetracycline,1,CC1(C2CC3C(C(=O)/C(=C(\N)/O)/C(=O)C3(C(=O)C2=C(C4=C1C=CC=C4O)O)O)N(C)C)O
DILI,143,Levoleucovorin,0,C1C(N(C2=C(N1)NC(=NC2=O)N)C=O)CNC3=CC=C(C=C3)C(=O)NC(CCC(=O)O)C(=O)O
DILI,3333,felodipine,1,CCOC(=O)C1=C(NC(=C(C1C2=C(C(=CC=C2)Cl)Cl)C(=O)OC)C)C
LiverTox,5002,Quetiapine,1,C1CN(CCN1CCOCCO)C2=NC3=CC=CC=C3SC4=CC=CC=C42
DILI,5453,thiotepa,1,C1CN1P(=S)(N2CC2)N3CC3
DILI,71158,acamprosate,1,CC(=O)NCCCS(=O)(=O)O
DILI,2796,clofibrate,1,CCOC(=O)C(C)(C)OC1=CC=C(C=C1)Cl
DILI,3739,iodipamidemeglumine,0,C1=C(C(=C(C(=C1I)NC(=O)CCCCC(=O)NC2=C(C=C(C(=C2I)C(=O)O)I)I)I)C(=O)O)I
LiverTox,6435923,Amoxicillin-Clavulanate,1,CC1([C@@H](N2[C@H](S1)[C@@H](C2=O)NC(=O)[C@@H](C3=CC=C(C=C3)O)N)C(=O)O)C.C1[C@@H]2N(C1=O)[C@H](/C(=C/CO)/O2)C(=O)[O-].[K+]
DILI,3354,flavoxate,0,CC1=C(OC2=C(C1=O)C=CC=C2C(=O)OCCN3CCCCC3)C4=CC=CC=C4
DILI,60919,tasosartan,1,CC1=C2CCC(=O)N(C2=NC(=N1)C)CC3=CC=C(C=C3)C4=CC=CC=C4C5=NNN=N5
DILI,4449,nefazodone,1,CCC1=NN(C(=O)N1CCOC2=CC=CC=C2)CCCN3CCN(CC3)C4=CC(=CC=C4)Cl
DILI,5281081,entacapone,1,CCN(CC)C(=O)/C(=C/C1=CC(=C(C(=C1)O)O)[N+](=O)[O-])/C#N
DILI,446987,fosfomycin,1,C[C@H]1[C@H](O1)P(=O)(O)O
DILI,60838,irinotecan,1,CCC1=C2CN3C(=CC4=C(C3=O)COC(=O)[C@@]4(CC)O)C2=NC5=C1C=C(C=C5)OC(=O)N6CCC(CC6)N7CCCCC7
DILI,439260,norepinephrine,0,C1=CC(=C(C=C1[C@H](CN)O)O)O
DILI,5095,ropinirole,1,CCCN(CCC)CCC1=C2CC(=O)NC2=CC=C1
DILI,54841,atomoxetine,1,CC1=CC=CC=C1O[C@H](CCNC)C2=CC=CC=C2
DILI,2720,chlorothiazide,1,C1=C2C(=CC(=C1Cl)S(=O)(=O)N)S(=O)(=O)N=CN2
DILI,2678,cetirizine,1,C1CN(CCN1CCOCC(=O)O)C(C2=CC=CC=C2)C3=CC=C(C=C3)Cl
DILI,193962,etravirine,1,CC1=CC(=CC(=C1OC2=NC(=NC(=C2Br)N)NC3=CC=C(C=C3)C#N)C)C#N
LiverTox,4058,Meperidine,0,CCOC(=O)C1(CCN(CC1)C)C2=CC=CC=C2
DILI,667477,doxepin,1,CN(C)CC/C=C/1\C2=CC=CC=C2COC3=CC=CC=C31
DILI,176870,erlotinib,1,COCCOC1=C(C=C2C(=C1)C(=NC=N2)NC3=CC=CC(=C3)C#C)OCCOC
DILI,16157882,exenatide,0,CC[C@H](C)[C@@H](C(=O)N[C@@H](CCC(=O)O)C(=O)N[C@@H](CC1=CNC2=CC=CC=C21)C(=O)N[C@@H](CC(C)C)C(=O)N[C@@H](CCCCN)C(=O)N[C@@H](CC(=O)N)C(=O)NCC(=O)NCC(=O)N3CCC[C@H]3C(=O)N[C@@H](CO)C(=O)N[C@@H](CO)C(=O)NCC(=O)N[C@@H](C)C(=O)N4CCC[C@H]4C(=O)N5CCC[C@H]5C(=O)N6CCC[C@H]6C(=O)N[C@@H](CO)C(=O)N)NC(=O)[C@H](CC7=CC=CC=C7)NC(=O)[C@H](CC(C)C)NC(=O)[C@H](CCCNC(=N)N)NC(=O)[C@H](C(C)C)NC(=O)[C@H](C)NC(=O)[C@H](CCC(=O)O)NC(=O)[C@H](CCC(=O)O)NC(=O)[C@H](CCC(=O)O)NC(=O)[C@H](CCSC)NC(=O)[C@H](CCC(=O)N)NC(=O)[C@H](CCCCN)NC(=O)[C@H](CO)NC(=O)[C@H](CC(C)C)NC(=O)[C@H](CC(=O)O)NC(=O)[C@H](CO)NC(=O)[C@H]([C@@H](C)O)NC(=O)[C@H](CC8=CC=CC=C8)NC(=O)[C@H]([C@@H](C)O)NC(=O)CNC(=O)[C@H](CCC(=O)O)NC(=O)CNC(=O)[C@H](CC9=CN=CN9)N
DILI,60753,ibutilide,0,CCCCCCCN(CC)CCCC(C1=CC=C(C=C1)NS(=O)(=O)C)O
DILI,4771,phentermine,1,CC(C)(CC1=CC=CC=C1)N
DILI,4583,ofloxacin,1,CC1COC2=C3N1C=C(C(=O)C3=CC(=C2N4CCN(CC4)C)F)C(=O)O
DILI,2019,dactinomycin,1,CC1C(C(=O)NC(C(=O)N2CCCC2C(=O)N(CC(=O)N(C(C(=O)O1)C(C)C)C)C)C(C)C)NC(=O)C3=C4C(=C(C=C3)C)OC5=C(C(=O)C(=C(C5=N4)C(=O)NC6C(OC(=O)C(N(C(=O)CN(C(=O)C7CCCN7C(=O)C(NC6=O)C(C)C)C)C)C(C)C)C)N)C
DILI,5462245,cyanocobalamin,0,CC1=CC2=C(C=C1C)N(C=N2)[C@@H]3C(C([C@@H](O3)CO)OP(=O)(O)OC(C)CNC(=O)CC[C@@]\4([C@H](C5[C@]6([C@@]([C@@H](C(=N6)/C(=C\7/[C@@]([C@@H](C(=N7)/C=C\8/C([C@@H](C(=N8)/C(=C4\[N-]5)/C)CCC(=O)N)(C)C)CCC(=O)N)(C)CC(=O)N)/C)CCC(=O)N)(C)CC(=O)N)C)CC(=O)N)C)O.[C-]#N.[Co+3]
DILI,2761171,ethionamide,1,CCC1=NC=CC(=C1)C(=S)N
DILI,6196,oxacillin,1,CC1=C(C(=NO1)C2=CC=CC=C2)C(=O)N[C@H]3[C@@H]4N(C3=O)[C@H](C(S4)(C)C)C(=O)O
DILI,5452,thioridazine,1,CN1CCCCC1CCN2C3=CC=CC=C3SC4=C2C=C(C=C4)SC
LiverTox,18381,Dicloxacillin,1,CC1=C(C(=NO1)C2=C(C=CC=C2Cl)Cl)C(=O)N[C@H]3[C@@H]4N(C3=O)[C@H](C(S4)(C)C)C(=O)O
DILI,1549000,levocetirizinedihydrochloride,1,C1CN(CCN1CCOCC(=O)O)[C@H](C2=CC=CC=C2)C3=CC=C(C=C3)Cl
DILI,10113978,pazopanib,1,CC1=C(C=C(C=C1)NC2=NC=CC(=N2)N(C)C3=CC4=NN(C(=C4C=C3)C)C)S(=O)(=O)N
LiverTox,3767,Isoniazid,1,C1=CN=CC=C1C(=O)NN
DILI,2725,chlorpheniramine,0,CN(C)CCC(C1=CC=C(C=C1)Cl)C2=CC=CC=N2
LiverTox,3011155,Nelarabine,1,COC1=NC(=NC2=C1N=CN2[C@H]3[C@H]([C@@H]([C@H](O3)CO)O)O)N
DILI,657298,propylthiouracil,1,CCCC1=CC(=O)NC(=S)N1
DILI,77999,rosiglitazone,1,CN(CCOC1=CC=C(C=C1)CC2C(=O)NC(=O)S2)C3=CC=CC=N3
LiverTox,447715,ObeticholicAcid,1,CC[C@@H]1[C@@H]2C[C@@H](CC[C@@]2([C@H]3CC[C@]4([C@H]([C@@H]3[C@@H]1O)CC[C@@H]4[C@H](C)CCC(=O)O)C)C)O
DILI,3182,dyphylline,0,CN1C2=C(C(=O)N(C1=O)C)N(C=N2)CC(CO)O
DILI,6098,cloxacillin,1,CC1=C(C(=NO1)C2=CC=CC=C2Cl)C(=O)N[C@H]3[C@@H]4N(C3=O)[C@H](C(S4)(C)C)C(=O)O
LiverTox,6918558,Fesoterodine,0,CC(C)C(=O)OC1=C(C=C(C=C1)CO)[C@H](CCN(C(C)C)C(C)C)C2=CC=CC=C2
DILI,2726,chlorpromazine,1,CN(C)CCCN1C2=CC=CC=C2SC3=C1C=C(C=C3)Cl
DILI,2160,amitriptyline,1,CN(C)CCC=C1C2=CC=CC=C2CCC3=CC=CC=C31
DILI,60198,exemestane,1,C[C@]12CC[C@H]3[C@H]([C@@H]1CCC2=O)CC(=C)C4=CC(=O)C=C[C@]34C
DILI,4917,prochlorperazine,1,CN1CCN(CC1)CCCN2C3=CC=CC=C3SC4=C2C=C(C=C4)Cl
DILI,4053,melphalan,1,C1=CC(=CC=C1CC(C(=O)O)N)N(CCCl)CCCl
DILI,255968,benzarone,1,CCC1=C(C2=CC=CC=C2O1)C(=O)C3=CC=C(C=C3)O
LiverTox,4634,Oxybutynin,0,CCN(CC)CC#CCOC(=O)C(C1CCCCC1)(C2=CC=CC=C2)O
DILI,4493,nilutamide,1,CC1(C(=O)N(C(=O)N1)C2=CC(=C(C=C2)[N+](=O)[O-])C(F)(F)F)C
DILI,40399,exifone,1,C1=CC(=C(C(=C1C(=O)C2=CC(=C(C(=C2)O)O)O)O)O)O
DILI,24014,cupricchloride,0,Cl[Cu]Cl
LiverTox,3117,Disulfiram,1,CCN(CC)C(=S)SSC(=S)N(CC)CC
DILI,123610,eptifibatide,0,C1CC2C(=O)NC(CSSCCC(=O)NC(C(=O)NCC(=O)NC(C(=O)NC(C(=O)N2C1)CC3=CNC4=CC=CC=C43)CC(=O)O)CCCCN=C(N)N)C(=O)N
DILI,16960,dexbrompheniramine,0,CN(C)CC[C@@H](C1=CC=C(C=C1)Br)C2=CC=CC=N2
DILI,3463,gemfibrozil,1,CC1=CC(=C(C=C1)C)OCCCC(C)(C)C(=O)O
DILI,5284627,topiramate,1,CC1(O[C@@H]2CO[C@@]3([C@H]([C@@H]2O1)OC(O3)(C)C)COS(=O)(=O)N)C
DILI,441314,miglitol,0,C1[C@@H]([C@H]([C@@H]([C@H](N1CCO)CO)O)O)O
DILI,3821,ketamine,1,CNC1(CCCCC1=O)C2=CC=CC=C2Cl
DILI,5487,tizanidine,1,C1CN=C(N1)NC2=C(C=CC3=NSN=C32)Cl
DILI,60490,zileuton,1,CC(C1=CC2=CC=CC=C2S1)N(C(=O)N)O
DILI,65833,milnacipran,1,CCN(CC)C(=O)[C@@]1(C[C@@H]1CN)C2=CC=CC=C2
DILI,5878,oxandrolone,1,C[C@]12CC[C@H]3[C@H]([C@@H]1CC[C@]2(C)O)CC[C@@H]4[C@@]3(COC(=O)C4)C
DILI,4100,methazolamide,1,CC(=O)N=C1N(N=C(S1)S(=O)(=O)N)C
DILI,16129704,bivalirudin,0,CC[C@H](C)[C@@H](C(=O)N1CCC[C@H]1C(=O)N[C@@H](CCC(=O)O)C(=O)N[C@@H](CCC(=O)O)C(=O)N[C@@H](CC2=CC=C(C=C2)O)C(=O)N[C@@H](CC(C)C)C(=O)O)NC(=O)[C@H](CCC(=O)O)NC(=O)[C@H](CCC(=O)O)NC(=O)[C@H](CC3=CC=CC=C3)NC(=O)[C@H](CC(=O)O)NC(=O)CNC(=O)[C@H](CC(=O)N)NC(=O)CNC(=O)CNC(=O)CNC(=O)CNC(=O)[C@@H]4CCCN4C(=O)[C@H](CCCNC(=N)N)NC(=O)[C@@H]5CCCN5C(=O)[C@@H](CC6=CC=CC=C6)N
DILI,3767,isoniazid,1,C1=CN=CC=C1C(=O)NN
LiverTox,5505,tolbutamide,1,CCCCNC(=O)NS(=O)(=O)C1=CC=C(C=C1)C
DILI,938,niacin,1,C1=CC(=CN=C1)C(=O)O
LiverTox,16362,Pimozide,0,C1CN(CCC1N2C3=CC=CC=C3NC2=O)CCCC(C4=CC=C(C=C4)F)C5=CC=C(C=C5)F
DILI,6761,pipamazine,1,C1CN(CCC1C(=O)N)CCCN2C3=CC=CC=C3SC4=C2C=C(C=C4)Cl
DILI,1046,pyrazinamide,1,C1=CN=C(C=N1)C(=O)N
LiverTox,5479,Tinidazole,0,CCS(=O)(=O)CCN1C(=NC=C1[N+](=O)[O-])C
DILI,5493381,deferasirox,1,C1=C/C(=C/2\N/C(=C\3/C=CC=CC3=O)/N(N2)C4=CC=C(C=C4)C(=O)O)/C(=O)C=C1
DILI,4064,meprobamate,0,CCCC(C)(COC(=O)N)COC(=O)N
DILI,2094,allopurinol,1,C1=C2C(=NC=NC2=O)NN1
DILI,439302,oxytocin,0,CC[C@H](C)[C@H]1C(=O)N[C@H](C(=O)N[C@H](C(=O)N[C@@H](CSSC[C@@H](C(=O)N[C@H](C(=O)N1)CC2=CC=C(C=C2)O)N)C(=O)N3CCC[C@H]3C(=O)N[C@@H](CC(C)C)C(=O)NCC(=O)N)CC(=O)N)CCC(=O)N
DILI,3476,glimepiride,1,CCC1=C(CN(C1=O)C(=O)NCCC2=CC=C(C=C2)S(=O)(=O)NC(=O)NC3CCC(CC3)C)C
LiverTox,4205,Mirtazapine,0,CN1CCN2C(C1)C3=CC=CC=C3CC4=C2N=CC=C4
DILI,5591,troglitazone,1,CC1=C(C2=C(CCC(O2)(C)COC3=CC=C(C=C3)CC4C(=O)NC(=O)S4)C(=C1O)C)C
DILI,5484727,trandolapril,1,CCOC(=O)[C@H](CCC1=CC=CC=C1)N[C@@H](C)C(=O)N2[C@H]3CCCC[C@@H]3C[C@H]2C(=O)O
DILI,2802,clonazepam,1,C1C(=O)NC2=C(C=C(C=C2)[N+](=O)[O-])C(=N1)C3=CC=CC=C3Cl
DILI,6834,brompheniramine,0,CN(C)CCC(C1=CC=C(C=C1)Br)C2=CC=CC=N2
DILI,71771,aceclofenac,1,C1=CC=C(C(=C1)CC(=O)OCC(=O)O)NC2=C(C=CC=C2Cl)Cl
DILI,16132357,corticotropin,0,CC[C@H](C)[C@@H](C(=O)N[C@@H](CO)C(=O)N[C@@H](CC(C)C)C(=O)N[C@@H](CC(=O)O)C(=O)N[C@@H](CC(C)C)C(=O)N[C@@H]([C@@H](C)O)C(=O)N[C@@H](CC1=CC=CC=C1)C(=O)N[C@@H](CC2=CN=CN2)C(=O)N[C@@H](CC(C)C)C(=O)N[C@@H](CC(C)C)C(=O)N[C@@H](CCCNC(=N)N)C(=O)N[C@@H](CCC(=O)O)C(=O)N[C@@H](C(C)C)C(=O)N[C@@H](CC(C)C)C(=O)N[C@@H](CCC(=O)O)C(=O)N[C@@H](CCSC)C(=O)N[C@@H](C)C(=O)N[C@@H](CCCNC(=N)N)C(=O)N[C@@H](C)C(=O)N[C@@H](CCC(=O)O)C(=O)N[C@@H](CCC(=O)N)C(=O)N[C@@H](CC(C)C)C(=O)N[C@@H](C)C(=O)N[C@@H](CCC(=O)N)C(=O)N[C@@H](CCC(=O)N)C(=O)N[C@@H](C)C(=O)N[C@@H](CC3=CN=CN3)C(=O)N[C@@H](CO)C(=O)N[C@@H](CC(=O)N)C(=O)N[C@@H](CCCNC(=N)N)C(=O)N[C@@H](CCCCN)C(=O)N[C@@H](CCSC)C(=O)N[C@@H](CC(C)C)C(=O)N[C@@H](CCC(=O)O)C(=O)N[C@@H]([C@@H](C)CC)C(=O)N[C@@H]([C@@H](C)CC)C(=O)O)NC(=O)[C@@H]4CCCN4C(=O)[C@@H]5CCCN5C(=O)[C@H](CCC(=O)O)NC(=O)[C@H](CCC(=O)O)NC(=O)[C@H](CO)N
LiverTox,118984375,Insulin,1,CC[C@H](C)[C@H]1C(=O)N[C@H]2CSSC[C@@H](C(=O)N[C@@H](CSSC[C@@H](C(=O)NCC(=O)N[C@H](C(=O)N[C@H](C(=O)N[C@H](C(=O)N[C@H](C(=O)N[C@H](C(=O)N[C@H](C(=O)N[C@H](C(=O)N[C@H](C(=O)N[C@H](C(=O)N[C@H](C(=O)N[C@@H](CSSC[C@H](NC(=O)[C@@H](NC(=O)[C@@H](NC(=O)[C@@H](NC(=O)[C@@H](NC(=O)[C@@H](NC(=O)[C@@H](NC(=O)[C@@H](NC(=O)[C@@H](NC2=O)CO)CC(C)C)CC3=CC=C(C=C3)O)CCC(=O)N)CC(C)C)CCC(=O)O)CC(=O)N)CC4=CC=C(C=C4)O)C(=O)N[C@@H](CC(=O)N)C(=O)O)C(=O)NCC(=O)N[C@@H](CCC(=O)O)C(=O)N[C@@H](CCCNC(=N)N)C(=O)NCC(=O)N[C@@H](CC5=CC=CC=C5)C(=O)N[C@@H](CC6=CC=CC=C6)C(=O)N[C@@H](CC7=CC=C(C=C7)O)C(=O)N[C@@H]([C@@H](C)O)C(=O)N8CCC[C@H]8C(=O)N[C@@H](CCCCN)C(=O)N[C@@H]([C@@H](C)O)C(=O)O)C(C)C)CC(C)C)CC9=CC=C(C=C9)O)CC(C)C)C)CCC(=O)O)C(C)C)CC(C)C)CC2=CNC=N2)CO)NC(=O)[C@H](CC(C)C)NC(=O)[C@H](CC2=CNC=N2)NC(=O)[C@H](CCC(=O)N)NC(=O)[C@H](CC(=O)N)NC(=O)[C@H](C(C)C)NC(=O)[C@H](CC2=CC=CC=C2)N)C(=O)N[C@H](C(=O)N[C@H](C(=O)N1)CO)[C@@H](C)O)NC(=O)[C@H](CCC(=O)N)NC(=O)[C@H](CCC(=O)O)NC(=O)[C@H](C(C)C)NC(=O)[C@H]([C@@H](C)CC)NC(=O)CN
DILI,219024,regadenoson,0,CNC(=O)C1=CN(N=C1)C2=NC(=C3C(=N2)N(C=N3)[C@H]4[C@@H]([C@@H]([C@H](O4)CO)O)O)N
DILI,444,bupropion,1,CC(C(=O)C1=CC(=CC=C1)Cl)NC(C)(C)C
DILI,2576,carisoprodol,0,CCCC(C)(COC(=O)N)COC(=O)NC(C)C
DILI,4909,primidone,0,CCC1(C(=O)NCNC1=O)C2=CC=CC=C2
DILI,63006,budesonide,0,CCC[C@H]1O[C@@H]2C[C@H]3[C@@H]4CCC5=CC(=O)C=C[C@@]5([C@H]4[C@H](C[C@@]3([C@@]2(O1)C(=O)CO)C)O)C
LiverTox,5503,tolazamide,1,CC1=CC=C(C=C1)S(=O)(=O)NC(=O)NN2CCCCCC2
LiverTox,2265,Azathioprine,1,CN1C=NC(=C1SC2=NC=NC3=C2NC=N3)[N+](=O)[O-]
DILI,4943,propofol,1,CC(C)C1=C(C(=CC=C1)C(C)C)O
LiverTox,6433272,Nystatin,0,C[C@H]1/C=C/C=C/CC/C=C/C=C/C=C/C=C/C(CC2C(C(C[C@](O2)(CC(C(CCC(CC(CC(CC(=O)O[C@H]([C@@H]([C@@H]1O)C)C)O)O)O)O)O)O)O)C(=O)O)O[C@@H]3[C@H]([C@H]([C@@H]([C@H](O3)C)O)N)O
DILI,3117,disulfiram,1,CCN(CC)C(=S)SSC(=S)N(CC)CC
LiverTox,2165,Amodiaquine,1,CCN(CC)CC1=C(C=CC(=C1)NC2=C3C=CC(=CC3=NC=C2)Cl)O
DILI,5210,sibutramine,1,CC(C)CC(C1(CCC1)C2=CC=C(C=C2)Cl)N(C)C
DILI,2764,ciprofloxacin,1,C1CC1N2C=C(C(=O)C3=CC(=C(C=C32)N4CCNCC4)F)C(=O)O
DILI,5493444,aliskiren,1,CC(C)[C@@H](CC1=CC(=C(C=C1)OC)OCCCOC)C[C@@H]([C@H](C[C@@H](C(C)C)C(=O)NCC(C)(C)C(=O)N)O)N
DILI,3518,guanethidine,0,C1CCCN(CCC1)CCN=C(N)N
DILI,5353980,sulfasalazine,1,C1=CC=NC(=C1)NS(=O)(=O)C2=CC=C(C=C2)N/N=C/3\C=CC(=O)C(=C3)C(=O)O
DILI,2554,carbamazepine,1,C1=CC=C2C(=C1)C=CC3=CC=CC=C3N2C(=O)N
DILI,39764,vecuronium,0,CC(=O)O[C@H]1C[C@@H]2CC[C@@H]3[C@@H]([C@]2(C[C@@H]1N4CCCCC4)C)CC[C@]5([C@H]3C[C@@H]([C@@H]5OC(=O)C)[N+]6(CCCCC6)C)C.[Br-]
LiverTox,5284616,Sirolimus,0,C[C@@H]1CC[C@H]2C[C@@H](/C(=C/C=C/C=C/[C@H](C[C@H](C(=O)[C@@H]([C@@H](/C(=C/[C@H](C(=O)C[C@H](OC(=O)[C@@H]3CCCCN3C(=O)C(=O)[C@@]1(O2)O)[C@H](C)C[C@@H]4CC[C@H]([C@@H](C4)OC)O)C)/C)O)OC)C)C)/C)OC
DILI,3002977,maraviroc,1,CC1=NN=C(N1C2C[C@H]3CC[C@@H](C2)N3CC[C@@H](C4=CC=CC=C4)NC(=O)C5CCC(CC5)(F)F)C(C)C
DILI,9552071,exametazime,0,C[C@@H](NCC(CN[C@@H](/C(=N/O)/C)C)(C)C)/C(=N/O)/C
DILI,12560,erythromycin,1,CC[C@@H]1[C@@]([C@@H]([C@H](C(=O)[C@@H](C[C@@]([C@@H]([C@H]([C@@H]([C@H](C(=O)O1)C)O[C@H]2C[C@@]([C@H]([C@@H](O2)C)O)(C)OC)C)O[C@H]3[C@@H]([C@H](C[C@H](O3)C)N(C)C)O)(C)O)C)C)O)(C)O
DILI,4454,neomycin,0,C1C(C(C(C(C1N)OC2C(C(C(C(O2)CN)O)O)N)OC3C(C(C(O3)CO)OC4C(C(C(C(O4)CN)O)O)N)O)O)N
DILI,5002,quetiapine,1,C1CN(CCN1CCOCCO)C2=NC3=CC=CC=C3SC4=CC=CC=C42
DILI,153270,pralnacasan,1,CCO[C@H]1[C@H](CC(=O)O1)NC(=O)[C@@H]2CCCN3N2C(=O)[C@H](CCC3=O)NC(=O)C4=NC=CC5=CC=CC=C54
DILI,5746,mitomycin,1,CC1=C(C(=O)C2=C(C1=O)N3C[C@H]4[C@@H]([C@@]3([C@@H]2COC(=O)N)OC)N4)N
DILI,2140,diatrizoate,0,CC(=O)NC1=C(C(=C(C(=C1I)C(=O)O)I)NC(=O)C)I
LiverTox,3955,Loperamide,0,CN(C)C(=O)C(CCN1CCC(CC1)(C2=CC=C(C=C2)Cl)O)(C3=CC=CC=C3)C4=CC=CC=C4
DILI,8269,oxyphenisatin,1,CC(=O)OC1=CC=C(C=C1)C2(C3=CC=CC=C3NC2=O)C4=CC=C(C=C4)OC(=O)C
DILI,28417,danazol,1,C[C@]12CC[C@H]3[C@H]([C@@H]1CC[C@]2(C#C)O)CCC4=CC5=C(C[C@]34C)C=NO5
LiverTox,4594,Omeprazole,1,CC1=CN=C(C(=C1OC)C)CS(=O)C2=NC3=C(N2)C=C(C=C3)OC
DILI,56069,bicalutamide,1,C[C@](CS(=O)(=O)C1=CC=C(C=C1)F)(C(=O)NC2=CC(=C(C=C2)C#N)C(F)(F)F)O
LiverTox,5291,Imatinib,1,CC1=C(C=C(C=C1)NC(=O)C2=CC=C(C=C2)CN3CCN(CC3)C)NC4=NC=CC(=N4)C5=CN=CC=C5
LiverTox,154234,Peramivir,0,CCC(CC)[C@@H]([C@H]1[C@@H](C[C@@H]([C@H]1O)C(=O)O)N=C(N)N)NC(=O)C
DILI,5281011,doxycycline,1,C[C@@H]1[C@H]2[C@@H]([C@H]3[C@@H](C(=O)/C(=C(\N)/O)/C(=O)[C@]3(C(=O)C2=C(C4=C1C=CC=C4O)O)O)N(C)C)O
DILI,6116,calciumacetate,0,CC(=O)[O-].CC(=O)[O-].[Ca+2]
DILI,5359272,levorphanol,0,CN1CC[C@]23CCCC[C@H]2[C@H]1CC4=C3C=C(C=C4)O
DILI,10531,dihydroergotamine,0,C[C@@]1(C(=O)N2[C@H](C(=O)N3CCC[C@H]3[C@@]2(O1)O)CC4=CC=CC=C4)NC(=O)[C@@H]5C[C@H]6[C@@H](CC7=CNC8=CC=CC6=C78)N(C5)C
DILI,6918204,gadobenatedimeglumine,0,CNC[C@@H]([C@H]([C@@H]([C@@H](CO)O)O)O)O.CNC[C@@H]([C@H]([C@@H]([C@@H](CO)O)O)O)O.C1=CC=C(C=C1)COCC(C(=O)[O-])N(CCN(CCN(CC(=O)O)CC(=O)[O-])CC(=O)[O-])CC(=O)O.[Gd+3]
DILI,2712,chlordiazepoxide,1,CN=C1CN(C(=C2C=C(C=CC2=N1)Cl)C3=CC=CC=C3)O
DILI,4763,phenobarbital,1,CCC1(C(=O)NC(=O)NC1=O)C2=CC=CC=C2
DILI,4463,nevirapine,1,CC1=C2C(=NC=C1)N(C3=C(C=CC=N3)C(=O)N2)C4CC4
DILI,71329,dofetilide,0,CN(CCC1=CC=C(C=C1)NS(=O)(=O)C)CCOC2=CC=C(C=C2)NS(=O)(=O)C
DILI,5983,physostigmine,0,C[C@@]12CCN([C@@H]1N(C3=C2C=C(C=C3)OC(=O)NC)C)C
DILI,3652,hydroxychloroquine,1,CCN(CCCC(C)NC1=C2C=CC(=CC2=NC=C1)Cl)CCO
DILI,3325,famotidine,1,C1=C(N=C(S1)N=C(N)N)CSCCC(=NS(=O)(=O)N)N
LiverTox,3002190,Telithromycin,1,CC[C@@H]1[C@@]2([C@@H]([C@H](C(=O)[C@@H](C[C@@]([C@@H]([C@H](C(=O)[C@H](C(=O)O1)C)C)O[C@H]3[C@@H]([C@H](C[C@H](O3)C)N(C)C)O)(C)OC)C)C)N(C(=O)O2)CCCCN4C=C(N=C4)C5=CN=CC=C5)C
LiverTox,4583,Ofloxacin,0,CC1COC2=C3N1C=C(C(=O)C3=CC(=C2N4CCN(CC4)C)F)C(=O)O
DILI,4934,propantheline,0,CC(C)[N+](C)(CCOC(=O)C1C2=CC=CC=C2OC3=CC=CC=C13)C(C)C
DILI,3168,droperidol,0,C1CN(CC=C1N2C3=CC=CC=C3NC2=O)CCCC(=O)C4=CC=C(C=C4)F
DILI,2585,carvedilol,1,COC1=CC=CC=C1OCCNCC(COC2=CC=CC3=C2C4=CC=CC=C4N3)O
DILI,5578,trimethoprim,1,COC1=CC(=CC(=C1OC)OC)CC2=CN=C(N=C2N)N
DILI,5656,venlafaxine,1,CN(C)CC(C1=CC=C(C=C1)OC)C2(CCCCC2)O
DILI,5509,tolmetin,1,CC1=CC=C(C=C1)C(=O)C2=CC=C(N2C)CC(=O)O
DILI,60846,valsartan,1,CCCCC(=O)N(CC1=CC=C(C=C1)C2=CC=CC=C2C3=NNN=N3)[C@@H](C(C)C)C(=O)O
DILI,31703,doxorubicin,1,C[C@H]1[C@H]([C@H](C[C@@H](O1)O[C@H]2C[C@@](CC3=C2C(=C4C(=C3O)C(=O)C5=C(C4=O)C(=CC=C5)OC)O)(C(=O)CO)O)N)O
LiverTox,25058126,CephalosporinsOral,1,C=C1CS[C@@H](N=C1C(=O)O)[C@@H](C(=O)O)NC(=O)CCCC[C@H](C(=O)O)N
DILI,84029,clarithromycin,1,CC[C@@H]1[C@@]([C@@H]([C@H](C(=O)[C@@H](C[C@@]([C@@H]([C@H]([C@@H]([C@H](C(=O)O1)C)O[C@H]2C[C@@]([C@H]([C@@H](O2)C)O)(C)OC)C)O[C@H]3[C@@H]([C@H](C[C@H](O3)C)N(C)C)O)(C)OC)C)C)O)(C)O
LiverTox,16134956,Liraglutide,0,CCCCCCCCCCCCCCCC(=O)N[C@@H](CCC(=O)NCCCC[C@@H](C(=O)N[C@@H](CCC(=O)O)C(=O)N[C@@H](CC1=CC=CC=C1)C(=O)N[C@@H]([C@@H](C)CC)C(=O)N[C@@H](C)C(=O)N[C@@H](CC2=CNC3=CC=CC=C32)C(=O)N[C@@H](CC(C)C)C(=O)N[C@@H](C(C)C)C(=O)N[C@@H](CCCNC(=N)N)C(=O)NCC(=O)N[C@@H](CCCNC(=N)N)C(=O)NCC(=O)O)NC(=O)[C@H](C)NC(=O)[C@H](C)NC(=O)[C@H](CCC(=O)N)NC(=O)CNC(=O)[C@H](CCC(=O)O)NC(=O)[C@H](CC(C)C)NC(=O)[C@H](CC4=CC=C(C=C4)O)NC(=O)[C@H](CO)NC(=O)[C@H](CO)NC(=O)[C@H](C(C)C)NC(=O)[C@H](CC(=O)O)NC(=O)[C@H](CO)NC(=O)[C@H]([C@@H](C)O)NC(=O)[C@H](CC5=CC=CC=C5)NC(=O)[C@H]([C@@H](C)O)NC(=O)CNC(=O)[C@H](CCC(=O)O)NC(=O)[C@H](C)NC(=O)[C@H](CC6=CN=CN6)N)C(=O)O
DILI,5280793,ergocalciferol,0,C[C@H](/C=C/[C@H](C)C(C)C)[C@H]1CC[C@@H]\2[C@@]1(CCC/C2=C\C=C/3\C[C@H](CCC3=C)O)C
DILI,2148,aminohippurate,0,C1=CC(=CC=C1C(=O)NCC(=O)O)N
DILI,6918289,temsirolimus,0,C[C@@H]1CC[C@H]2C[C@@H](/C(=C/C=C/C=C/[C@H](C[C@H](C(=O)[C@@H]([C@@H](/C(=C/[C@H](C(=O)C[C@H](OC(=O)[C@@H]3CCCCN3C(=O)C(=O)[C@@]1(O2)O)[C@H](C)C[C@@H]4CC[C@H]([C@@H](C4)OC)OC(=O)C(C)(CO)CO)C)/C)O)OC)C)C)/C)OC
LiverTox,2157,Amiodarone,1,CCCCC1=C(C2=CC=CC=C2O1)C(=O)C3=CC(=C(C(=C3)I)OCCN(CC)CC)I
DILI,60825,lamivudine,1,C1[C@H](O[C@H](S1)CO)N2C=CC(=NC2=O)N
DILI,564,aminocaproicacid,0,C(CCC(=O)O)CCN
DILI,5360696,dextromethorphan,0,CN1CC[C@@]23CCCC[C@@H]2[C@@H]1CC4=C3C=C(C=C4)OC
DILI,2564,carbinoxamine,0,CN(C)CCOC(C1=CC=C(C=C1)Cl)C2=CC=CC=N2
LiverTox,443879,Tolterodine,0,CC1=CC(=C(C=C1)O)[C@H](CCN(C(C)C)C(C)C)C2=CC=CC=C2
DILI,6013,testosterone,1,C[C@]12CC[C@H]3[C@H]([C@@H]1CC[C@@H]2O)CCC4=CC(=O)CC[C@]34C
LiverTox,33613,Amoxicillin,1,CC1([C@@H](N2[C@H](S1)[C@@H](C2=O)NC(=O)[C@@H](C3=CC=C(C=C3)O)N)C(=O)O)C
DILI,151166,lumiracoxib,1,CC1=CC(=C(C=C1)NC2=C(C=CC=C2Cl)F)CC(=O)O
LiverTox,60838,Irinotecan,1,CCC1=C2CN3C(=CC4=C(C3=O)COC(=O)[C@@]4(CC)O)C2=NC5=C1C=C(C=C5)OC(=O)N6CCC(CC6)N7CCCCC7
DILI,4178,mexiletine,1,CC1=C(C(=CC=C1)C)OCC(C)N
DILI,13109,levonorgestrel,0,CC[C@]12CC[C@H]3[C@H]([C@@H]1CC[C@]2(C#C)O)CCC4=CC(=O)CC[C@H]34
DILI,60854,ziprasidone,1,C1CN(CCN1CCC2=C(C=C3C(=C2)CC(=O)N3)Cl)C4=NSC5=CC=CC=C54
LiverTox,126941,Methotrexate,1,CN(CC1=CN=C2C(=N1)C(=NC(=N2)N)N)C3=CC=C(C=C3)C(=O)N[C@@H](CCC(=O)O)C(=O)O
DILI,65679,droxicam,1,CN1C2=C(C3=CC=CC=C3S1(=O)=O)OC(=O)N(C2=O)C4=CC=CC=N4
DILI,3950,lomustine,1,C1CCC(CC1)NC(=O)N(CCCl)N=O
LiverTox,445354,VitaminA,1,CC1=C(C(CCC1)(C)C)/C=C/C(=C/C=C/C(=C/CO)/C)/C
LiverTox,3114,Disopyramide,1,CC(C)N(CCC(C1=CC=CC=C1)(C2=CC=CC=N2)C(=O)N)C(C)C
DILI,114965,tetrabamate,1,CCCCOCC(CN1C(=O)C(C(=O)NC1=O)(CC)C2=CC=CC=C2)OC(=O)N.CCCCOCC(CN1C(=O)C(C(=O)N(C1=O)CC(COCCCC)OC(=O)N)(CC)C2=CC=CC=C2)OC(=O)N.CCC1(C(=O)NC(=O)NC1=O)C2=CC=CC=C2
DILI,3446,gabapentin,1,C1CCC(CC1)(CC(=O)O)CN
DILI,3672,ibuprofen,1,CC(C)CC1=CC=C(C=C1)C(C)C(=O)O
LiverTox,2478,Busulfan,1,CS(=O)(=O)OCCCCOS(=O)(=O)C
LiverTox,53232,Lovastatin,1,CC[C@H](C)C(=O)O[C@H]1C[C@H](C=C2[C@H]1[C@H]([C@H](C=C2)C)CC[C@@H]3C[C@H](CC(=O)O3)O)C
DILI,11963622,nitroprusside,0,[C-]#N.[C-]#N.[C-]#N.[C-]#N.[C-]#N.[N-]=O.[Fe+4]
DILI,4614,oxaprozin,1,C1=CC=C(C=C1)C2=C(OC(=N2)CCC(=O)O)C3=CC=CC=C3
DILI,5284592,nabilone,0,CCCCCCC(C)(C)C1=CC(=C2[C@@H]3CC(=O)CC[C@H]3C(OC2=C1)(C)C)O
DILI,29321,triacetyldiphenolisatin,1,CC(=O)N1C2=CC=CC=C2C(C1=O)(C3=CC=C(C=C3)OC(=O)C)C4=CC=C(C=C4)OC(=O)C
DILI,11033,sulfacarbamide,1,C1=CC(=CC=C1N)S(=O)(=O)NC(=O)N
LiverTox,5284513,Acitretin,1,CC1=CC(=C(C(=C1/C=C/C(=C/C=C/C(=C/C(=O)O)/C)/C)C)C)OC
DILI,5734,zonisamide,1,C1=CC=C2C(=C1)C(=NO2)CS(=O)(=O)N
DILI,3114,disopyramide,1,CC(C)N(CCC(C1=CC=CC=C1)(C2=CC=CC=N2)C(=O)N)C(C)C
DILI,11806,pamabrom,0,CC(C)(CO)N.CN1C2=C(C(=O)N(C1=O)C)NC(=N2)Br
DILI,129211,tamsulosin,1,CCOC1=CC=CC=C1OCCN[C@H](C)CC2=CC(=C(C=C2)OC)S(=O)(=O)N
LiverTox,41684,Nitazoxanide,0,CC(=O)OC1=CC=CC=C1C(=O)NC2=NC=C(S2)[N+](=O)[O-]
DILI,33176,clometacin,1,CC1=C(C2=C(N1CC(=O)O)C=C(C=C2)OC)C(=O)C3=CC=C(C=C3)Cl
DILI,152946,moxifloxacin,1,COC1=C2C(=CC(=C1N3C[C@@H]4CCCN[C@@H]4C3)F)C(=O)C(=CN2C5CC5)C(=O)O
DILI,15341110,levomefolatecalcium,0,CN1[C@H](CNC2=C1C(=O)N=C(N2)N)CNC3=CC=C(C=C3)C(=O)N[C@@H](CCC(=O)[O-])C(=O)[O-].[Ca+2]
LiverTox,54675776,Tetracycline,1,C[C@@]1([C@H]2C[C@H]3[C@@H](C(=O)C(=C([C@]3(C(=O)C2=C(C4=C1C=CC=C4O)O)O)O)C(=O)N)N(C)C)O
DILI,3162,doxylamine,0,CC(C1=CC=CC=C1)(C2=CC=CC=N2)OCCN(C)C
DILI,772,heparinsodium,1,CC(=O)NC1C(C(C(OC1O)COS(=O)(=O)O)OC2C(C(C(C(O2)C(=O)O)OC3C(C(C(C(O3)CO)OC4C(C(C(C(O4)C(=O)O)O)O)OS(=O)(=O)O)OS(=O)(=O)O)NS(=O)(=O)O)O)OS(=O)(=O)O)O
DILI,3676,lidocaine,0,CCN(CC)CC(=O)NC1=C(C=CC=C1C)C
DILI,5572,trihexyphenidyl,0,C1CCC(CC1)C(CCN2CCCCC2)(C3=CC=CC=C3)O
DILI,441281,dimenhydrinate,0,CN1C(=C2C(=NC(=N2)Cl)N(C1=O)C)[O-].C[NH+](C)CCOC(C1=CC=CC=C1)C2=CC=CC=C2
DILI,9849808,fesoterodine,0,CC(C)C(=O)OC1=C(C=C(C=C1)CO)[C@H](CCN(C(C)C)C(C)C)C2=CC=CC=C2.C(=C/C(=O)O)\C(=O)O
DILI,14985,vitamine,0,CC1=C(C2=C(CC[C@@](O2)(C)CCC[C@H](C)CCC[C@H](C)CCCC(C)C)C(=C1O)C)C
DILI,5329102,sunitinib,1,CCN(CC)CCNC(=O)C1=C(NC(=C1C)/C=C\2/C3=C(C=CC(=C3)F)NC2=O)C
DILI,25081014,nesiritide,0,CC[C@H](C)[C@H]1C(=O)N[C@H](C(=O)N[C@H](C(=O)N[C@H](C(=O)N[C@H](C(=O)NCC(=O)N[C@H](C(=O)NCC(=O)N[C@@H](CSSC[C@@H](C(=O)N[C@H](C(=O)NCC(=O)N[C@H](C(=O)N[C@H](C(=O)N[C@H](C(=O)N[C@H](C(=O)N[C@H](C(=O)N1)CCCNC(=N)N)CC(=O)O)CCSC)CCCCN)CCCNC(=N)N)CC2=CC=CC=C2)NC(=O)CNC(=O)[C@H](CO)NC(=O)CNC(=O)[C@H](CCC(=O)N)NC(=O)[C@H](C(C)C)NC(=O)[C@H](CCSC)NC(=O)[C@H](CCCCN)NC(=O)[C@@H]3CCCN3C(=O)[C@H](CO)N)C(=O)N[C@@H](CCCCN)C(=O)N[C@@H](C(C)C)C(=O)N[C@@H](CC(C)C)C(=O)N[C@@H](CCCNC(=N)N)C(=O)N[C@@H](CCCNC(=N)N)C(=O)N[C@@H](CC4C=NC=N4)C(=O)O)CC(C)C)CO)CO)CO)CO
DILI,26757,selegiline,0,C[C@H](CC1=CC=CC=C1)N(C)CC#C
DILI,3690,ifosfamide,1,C1CN(P(=O)(OC1)NCCCl)CCCl
DILI,2092,alfuzosin,1,CN(CCCNC(=O)C1CCCO1)C2=NC3=CC(=C(C=C3C(=N2)N)OC)OC
LiverTox,71616,Voriconazole,1,C[C@@H](C1=NC=NC=C1F)[C@](CN2C=NC=N2)(C3=C(C=C(C=C3)F)F)O
DILI,5284603,oxycodone,0,CN1CC[C@]23[C@@H]4C(=O)CC[C@]2([C@H]1CC5=C3C(=C(C=C5)OC)O4)O
DILI,3059,diflunisal,1,C1=CC(=C(C=C1C2=C(C=C(C=C2)F)F)C(=O)O)O
DILI,43815,paroxetine,1,C1CNC[C@H]([C@@H]1C2=CC=C(C=C2)F)COC3=CC4=C(C=C3)OCO4
LiverTox,4485,Nifedipine,1,CC1=C(C(C(=C(N1)C)C(=O)OC)C2=CC=CC=C2[N+](=O)[O-])C(=O)OC
LiverTox,1046,Pyrazinamide,1,C1=CN=C(C=N1)C(=O)N
LiverTox,5284596,Naloxone,0,C=CCN1CC[C@]23[C@@H]4C(=O)CC[C@]2([C@H]1CC5=C3C(=C(C=C5)O)O4)O
LiverTox,176870,Erlotinib,1,COCCOC1=C(C=C2C(=C1)C(=NC=N2)NC3=CC=CC(=C3)C#C)OCCOC
DILI,6075,mepazine,1,CN1CCCC(C1)CN2C3=CC=CC=C3SC4=CC=CC=C42
DILI,4120,methylscopolaminebromide,0,C[N+]1(C2CC(CC1C3C2O3)OC(=O)C(CO)C4=CC=CC=C4)C
DILI,3156,doxapram,0,CCN1CC(C(C1=O)(C2=CC=CC=C2)C3=CC=CC=C3)CCN4CCOCC4
DILI,82146,bexarotene,1,CC1=CC2=C(C=C1C(=C)C3=CC=C(C=C3)C(=O)O)C(CCC2(C)C)(C)C
DILI,9915926,eltrombopagolamine,1,CC1=C(C=C(C=C1)N2C(=O)C(=C(N2)C)N/N=C/3\C=CC=C(C3=O)C4=CC(=CC=C4)C(=O)O)C.C(CO)N.C(CO)N
DILI,441141,vancomycin,1,C[C@H]1[C@H]([C@@](C[C@@H](O1)O[C@@H]2[C@H]([C@@H]([C@H](O[C@H]2OC3=C4C=C5C=C3OC6=C(C=C(C=C6)[C@H](C(C(=O)N[C@H](C(=O)N[C@H]5C(=O)N[C@@H]7C8=CC(=C(C=C8)O)C9=C(C=C(C=C9O)O)[C@@H](NC(=O)[C@H]([C@@H](C1=CC(=C(O4)C=C1)Cl)O)NC7=O)C(=O)O)CC(=O)N)NC(=O)[C@@H](CC(C)C)NC)O)Cl)CO)O)O)(C)N)O
DILI,3825,ketoprofen,1,CC(C1=CC(=CC=C1)C(=O)C2=CC=CC=C2)C(=O)O
LiverTox,644073,Buprenorphine,1,C[C@]([C@H]1C[C@@]23CC[C@@]1([C@H]4[C@@]25CCN([C@@H]3CC6=C5C(=C(C=C6)O)O4)CC7CC7)OC)(C(C)(C)C)O
LiverTox,447043,Azithromycin,1,CC[C@@H]1[C@@]([C@@H]([C@H](N(C[C@@H](C[C@@]([C@@H]([C@H]([C@@H]([C@H](C(=O)O1)C)O[C@H]2C[C@@]([C@H]([C@@H](O2)C)O)(C)OC)C)O[C@H]3[C@@H]([C@H](C[C@H](O3)C)N(C)C)O)(C)O)C)C)C)O)(C)O
DILI,149096,levofloxacin,1,C[C@H]1COC2=C3N1C=C(C(=O)C3=CC(=C2N4CCN(CC4)C)F)C(=O)O
DILI,6137,l-methionine,0,CSCC[C@@H](C(=O)O)N
LiverTox,4095,Methadone,0,CCC(=O)C(CC(C)N(C)C)(C1=CC=CC=C1)C2=CC=CC=C2
DILI,3351,fipexide,1,C1CN(CCN1CC2=CC3=C(C=C2)OCO3)C(=O)COC4=CC=C(C=C4)Cl
DILI,37768,amikacin,0,C1[C@@H]([C@H]([C@@H]([C@H]([C@@H]1NC(=O)[C@H](CCN)O)O[C@@H]2[C@@H]([C@H]([C@@H]([C@H](O2)CO)O)N)O)O)O[C@@H]3[C@@H]([C@H]([C@@H]([C@H](O3)CN)O)O)O)N
DILI,3784,isradipine,1,CC1=C(C(C(=C(N1)C)C(=O)OC(C)C)C2=CC=CC3=NON=C32)C(=O)OC
DILI,71467,phenoxypropazine,1,CC(COC1=CC=CC=C1)NN
DILI,4735,pentamidine,1,C1=CC(=CC=C1C(=N)N)OCCCCCOC2=CC=C(C=C2)C(=N)N
DILI,2519,caffeine,0,CN1C=NC2=C1C(=O)N(C(=O)N2C)C
DILI,5360630,nalbuphine,0,C1CC(C1)CN2CC[C@]34C5[C@H](CC[C@]3([C@H]2CC6=C4C(=C(C=C6)O)O5)O)O
DILI,12460,phendimetrazine,0,CC1C(OCCN1C)C2=CC=CC=C2
LiverTox,9564,carbutamide,1,CCCCNC(=O)NS(=O)(=O)C1=CC=C(C=C1)N
DILI,36314,paclitaxel,1,CC1=C2[C@H](C(=O)[C@@]3([C@H](C[C@@H]4[C@]([C@H]3[C@@H]([C@@](C2(C)C)(C[C@@H]1OC(=O)[C@@H]([C@H](C5=CC=CC=C5)NC(=O)C6=CC=CC=C6)O)O)OC(=O)C7=CC=CC=C7)(CO4)OC(=O)C)O)C)OC(=O)C
DILI,5281042,mivacurium,0,C[N+]1(CCC2=CC(=C(C=C2[C@H]1CC3=CC(=C(C(=C3)OC)OC)OC)OC)OC)CCCOC(=O)CC/C=C/CCC(=O)OCCC[N+]4(CCC5=CC(=C(C=C5[C@H]4CC6=CC(=C(C(=C6)OC)OC)OC)OC)OC)C
DILI,3348,fexofenadine,0,CC(C)(C1=CC=C(C=C1)C(CCCN2CCC(CC2)C(C3=CC=CC=C3)(C4=CC=CC=C4)O)O)C(=O)O
DILI,3715,indomethacin,1,CC1=C(C2=C(N1C(=O)C3=CC=C(C=C3)Cl)C=CC(=C2)OC)CC(=O)O
DILI,65513,histaminediphosphate,0,C1=C(NC=N1)CCN.OP(=O)(O)O.OP(=O)(O)O
DILI,4594,omeprazole,1,CC1=CN=C(C(=C1OC)C)CS(=O)C2=NC3=C(N2)C=C(C=C3)OC
DILI,60726,bromfenac,1,C1=CC(=C(C(=C1)C(=O)C2=CC=C(C=C2)Br)N)CC(=O)O
DILI,4585,olanzapine,1,CC1=CC2=C(NC3=CC=CC=C3N=C2S1)N4CCN(CC4)C
LiverTox,2733,Chlorzoxazone,1,C1=CC2=C(C=C1Cl)NC(=O)O2
DILI,8982,nafcillin,1,CCOC1=C(C2=CC=CC=C2C=C1)C(=O)N[C@H]3[C@@H]4N(C3=O)[C@H](C(S4)(C)C)C(=O)O
DILI,187,acetylcholinechloride,0,CC(=O)OCC[N+](C)(C)C
DILI,441341,levetiracetam,1,CC[C@H](C(=O)N)N1CCCC1=O
LiverTox,5899068,KavaKava,1,COC1=CC(=O)OC(C1)/C=C/C2=CC3=C(C=C2)OCO3
DILI,65869,ebrotidine,1,C1=CC(=CC=C1S(=O)(=O)NC=NCCSCC2=CSC(=N2)N=C(N)N)Br
DILI,16129665,secretin,0,CC(C)CC(C(=O)NC(C(C)C)C(=O)O)NC(=O)CNC(=O)C(CCC(=O)N)NC(=O)C(CC(C)C)NC(=O)C(CC(C)C)NC(=O)C(CCCNC(=N)N)NC(=O)C(CCC(=O)N)NC(=O)C(CC(C)C)NC(=O)C(CCCNC(=N)N)NC(=O)C(C)NC(=O)C(CO)NC(=O)C(CC(=O)O)NC(=O)C(CCCNC(=N)N)NC(=O)C(CC(C)C)NC(=O)C(CCCNC(=N)N)NC(=O)C(CO)NC(=O)C(CC(C)C)NC(=O)C(CCC(=O)O)NC(=O)C(CO)NC(=O)C(C(C)O)NC(=O)C(CC1=CC=CC=C1)NC(=O)C(C(C)O)NC(=O)CNC(=O)C(CC(=O)O)NC(=O)C(CO)NC(=O)C(CC2=NC=CN2)N
DILI,441278,pentazocine,0,C[C@H]1[C@H]2CC3=C([C@@]1(CCN2CC=C(C)C)C)C=C(C=C3)O
DILI,5361919,ceftriaxone,1,CN1C(=NC(=O)C(=O)N1)SCC2=C(N3[C@@H]([C@@H](C3=O)NC(=O)/C(=N/OC)/C4=CSC(=N4)N)SC2)C(=O)O
LiverTox,2244,Aspirin,1,CC(=O)OC1=CC=CC=C1C(=O)O
LiverTox,3339,Fenofibrate,1,CC(C)OC(=O)C(C)(C)OC1=CC=C(C=C1)C(=O)C2=CC=C(C=C2)Cl
DILI,41987,zimelidine,1,CN(C)CC=C(C1=CC=C(C=C1)Br)C2=CN=CC=C2
DILI,2719,chloroquine,1,CCN(CC)CCCC(C)NC1=C2C=CC(=CC2=NC=C1)Cl
DILI,6323490,rifabutin,1,C[C@H]1/C=C/C=C(\C(=O)NC2=C3C(=NC4(N3)CCN(CC4)CC(C)C)C5=C(C2=O)C(=C(C6=C5C(=O)[C@](O6)(O/C=C/[C@@H]([C@H]([C@H]([C@@H]([C@@H]([C@@H]([C@H]1O)C)O)C)OC(=O)C)C)OC)C)C)O)/C
LiverTox,5284594,Nalmefene,0,C=C1CC[C@]2([C@H]3CC4=C5[C@]2([C@H]1OC5=C(C=C4)O)CCN3CC6CC6)O
DILI,71433,trientinehydrochloride,0,C(CNCCNCCN)N.Cl.Cl
DILI,3081921,micafungin,1,CCCCCOC1=CC=C(C=C1)C2=CC(=NO2)C3=CC=C(C=C3)C(=O)NC4CC(C(NC(=O)C5C(C(CN5C(=O)C(NC(=O)C(NC(=O)C6CC(CN6C(=O)C(NC4=O)C(C)O)O)C(C(C7=CC(=C(C=C7)O)OS(=O)(=O)O)O)O)C(CC(=O)N)O)C)O)O)O
LiverTox,772,Heparin,0,CC(=O)NC1C(C(C(OC1O)COS(=O)(=O)O)OC2C(C(C(C(O2)C(=O)O)OC3C(C(C(C(O3)CO)OC4C(C(C(C(O4)C(=O)O)O)O)OS(=O)(=O)O)OS(=O)(=O)O)NS(=O)(=O)O)O)OS(=O)(=O)O)O
DILI,216258,colistimethate,0,CCC(C)CCCCC(=O)NC(CCNCS(=O)(=O)[O-])C(=O)NC(C(C)O)C(=O)NC(CCNCS(=O)(=O)[O-])C(=O)NC1CCNC(=O)C(NC(=O)C(NC(=O)C(NC(=O)C(NC(=O)C(NC(=O)C(NC1=O)CCNCS(=O)(=O)[O-])CC(C)C)CC(C)C)CCNCS(=O)(=O)[O-])CCNCS(=O)(=O)[O-])C(C)O.[Na+].[Na+].[Na+].[Na+].[Na+]
DILI,5481173,ceftazidime,1,CC(C)(C(=O)O)O/N=C(/C1=CSC(=N1)N)\C(=O)N[C@H]2[C@@H]3N(C2=O)C(=C(CS3)C[N+]4=CC=CC=C4)C(=O)[O-]
DILI,4976,protriptyline,0,CNCCCC1C2=CC=CC=C2C=CC3=CC=CC=C13
LiverTox,60855,Zanamivir,0,CC(=O)N[C@@H]1[C@H](C=C(O[C@H]1[C@@H]([C@@H](CO)O)O)C(=O)O)N=C(N)N
DILI,4485,nifedipine,1,CC1=C(C(C(=C(N1)C)C(=O)OC)C2=CC=CC=C2[N+](=O)[O-])C(=O)OC
DILI,11333,lactulose,0,C([C@@H]1[C@@H]([C@@H]([C@H]([C@@H](O1)O[C@@H]2[C@H](O[C@@]([C@H]2O)(CO)O)CO)O)O)O)O
DILI,4032,mecamylamine,0,CC1(C2CCC(C2)C1(C)NC)C
DILI,1125,tetrahydrobiopterin,0,CC(C(C1CNC2=C(N1)C(=O)N=C(N2)N)O)O
DILI,174174,atropine,0,CN1[C@@H]2CC[C@H]1CC(C2)OC(=O)C(CO)C3=CC=CC=C3
LiverTox,45588096,Exenatide,0,CC[C@H](C)[C@@H](C(=O)N[C@@H](CCC(=O)O)C(=O)N[C@@H](CC1=CNC2=CC=CC=C21)C(=O)N[C@@H](CC(C)C)C(=O)N[C@@H](CCCCN)C(=O)N[C@@H](CC(=O)N)C(=O)NCC(=O)NCC(=O)N3CCC[C@H]3C(=O)N[C@@H](CO)C(=O)N[C@@H](CO)C(=O)NCC(=O)N[C@@H](C)C(=O)N4CCC[C@H]4C(=O)N5CCC[C@H]5C(=O)N6CCC[C@H]6C(=O)N[C@@H](CO)C(=O)N)NC(=O)[C@H](CC7=CC=CC=C7)NC(=O)[C@H](CC(C)C)NC(=O)[C@H](CCCNC(=N)N)NC(=O)[C@H](C(C)C)NC(=O)[C@H](C)NC(=O)[C@H](CCC(=O)O)NC(=O)[C@H](CCC(=O)O)NC(=O)[C@H](CCC(=O)O)NC(=O)[C@H](CCSC)NC(=O)[C@H](CCC(=O)N)NC(=O)[C@H](CCCCN)NC(=O)[C@H](CO)NC(=O)[C@H](CC(C)C)NC(=O)[C@H](CC(=O)O)NC(=O)[C@H](CO)NC(=O)[C@H]([C@@H](C)O)NC(=O)[C@H](CC8=CC=CC=C8)NC(=O)[C@H]([C@@H](C)O)NC(=O)CNC(=O)[C@H](CCC(=O)O)NC(=O)CNC(=O)[C@H](CC9=CNC=N9)N
DILI,3100,diphenhydramine,0,CN(C)CCOC(C1=CC=CC=C1)C2=CC=CC=C2
DILI,441074,quinidine,1,COC1=CC2=C(C=CN=C2C=C1)[C@@H]([C@H]3C[C@@H]4CCN3C[C@@H]4C=C)O
LiverTox,135401907,Allopurinol,1,C1=NNC2=C1C(=O)NC=N2
DILI,30951,alclofenac,1,C=CCOC1=C(C=C(C=C1)CC(=O)O)Cl
DILI,4528,nomifensine,1,CN1CC(C2=C(C1)C(=CC=C2)N)C3=CC=CC=C3
DILI,60606,clopidogrel,1,COC(=O)[C@H](C1=CC=CC=C1Cl)N2CCC3=C(C2)C=CS3
DILI,12035,acetylcysteine,0,CC(=O)N[C@@H](CS)C(=O)O
DILI,41693,sufentanil,0,CCC(=O)N(C1=CC=CC=C1)C2(CCN(CC2)CCC3=CC=CS3)COC
DILI,60961,adenosine,0,C1=NC(=C2C(=N1)N(C=N2)[C@H]3[C@@H]([C@@H]([C@H](O3)CO)O)O)N
DILI,3393,flurazepam,1,CCN(CC)CCN1C(=O)CN=C(C2=C1C=CC(=C2)Cl)C3=CC=CC=C3F
LiverTox,3672,Ibuprofen,1,CC(C)CC1=CC=C(C=C1)C(C)C(=O)O
DILI,2082,albendazole,1,CCCSC1=CC2=C(C=C1)N=C(N2)NC(=O)OC
LiverTox,657298,Propylthiouracil,1,CCCC1=CC(=O)NC(=S)N1
DILI,4915,procarbazine,1,CC(C)NC(=O)C1=CC=C(C=C1)CNNC
DILI,5745,cortisoneacetate,0,CC(=O)OCC(=O)[C@]1(CC[C@@H]2[C@@]1(CC(=O)[C@H]3[C@H]2CCC4=CC(=O)CC[C@]34C)C)O
DILI,4659569,tolcapone,1,CC1=CC=C(C=C1)C(=O)C2=CC(=C(C(=C2)O)O)[N+](=O)[O-]
LiverTox,11953895,Nitroprusside,0,[C-]#N.[C-]#N.[C-]#N.[C-]#N.[C-]#N.[N-]=O.O.O.[Na+].[Na+].[Fe+4]
DILI,4634,oxybutynin,0,CCN(CC)CC#CCOC(=O)C(C1CCCCC1)(C2=CC=CC=C2)O
DILI,71616,voriconazole,1,C[C@@H](C1=NC=NC=C1F)[C@](CN2C=NC=N2)(C3=C(C=C(C=C3)F)F)O
DILI,6433328,ethanolamineoleate,0,CCCCCCCC/C=C/CCCCCCCC(=O)O.C(CO)N
LiverTox,5284537,Cyproterone,1,CC(=O)[C@]1(CC[C@@H]2[C@@]1(CC[C@H]3[C@H]2C=C(C4=CC(=O)[C@@H]5C[C@@H]5[C@]34C)Cl)C)O
DILI,5381226,rifampin,1,C[C@H]1/C=C/C=C(\C(=O)NC\2=C(C3=C(C4=C(C(=C3O)C)O[C@@](C4=O)(O/C=C/[C@@H]([C@H]([C@H]([C@@H]([C@@H]([C@@H]([C@H]1O)C)O)C)OC(=O)C)C)OC)C)C(=O)/C2=C/NN5CCN(CC5)C)O)/C
LiverTox,441401,Linezolid,1,CC(=O)NC[C@H]1CN(C(=O)O1)C2=CC(=C(C=C2)N3CCOCC3)F
DILI,2088,alendronate,1,C(CC(O)(P(=O)(O)O)P(=O)(O)O)CN
DILI,5403,terbutaline,1,CC(C)(C)NCC(C1=CC(=CC(=C1)O)O)O
DILI,5314,succinylcholine,0,C[N+](C)(C)CCOC(=O)CCC(=O)OCC[N+](C)(C)C
LiverTox,449,Nefazodone,1,CC(CCO)(CC(=O)O)O
DILI,2153,theophylline,0,CN1C2=C(C(=O)N(C1=O)C)NC=N2
DILI,4091,metformin,1,CN(C)C(=N)N=C(N)N
LiverTox,441278,Pentazocine,0,C[C@H]1[C@H]2CC3=C([C@@]1(CCN2CC=C(C)C)C)C=C(C=C3)O
LiverTox,5646,UsnicAcid,1,CC1=C(C(=C2C(=C1O)C3(C(=CC(=O)C(C3=O)C(=O)C)O2)C)C(=O)C)O
DILI,216235,sitaxsentan,1,CC1=CC2=C(C=C1CC(=O)C3=C(C=CS3)S(=O)(=O)NC4=C(C(=NO4)C)Cl)OCO2
DILI,5070,riluzole,1,C1=CC2=C(C=C1OC(F)(F)F)SC(=N2)N
DILI,4993,pyrimethamine,1,CCC1=C(C(=NC(=N1)N)N)C2=CC=C(C=C2)Cl
DILI,5816,epinephrine,0,CNC[C@@H](C1=CC(=C(C=C1)O)O)O
DILI,2955,dapsone,1,C1=CC(=CC=C1N)S(=O)(=O)C2=CC=C(C=C2)N
DILI,5352062,romidepsin,0,C/C=C\1/C(=O)N[C@H](C(=O)O[C@H]\2CC(=O)N[C@@H](C(=O)N[C@H](CSSCC/C=C2)C(=O)N1)C(C)C)C(C)C
DILI,5754,hydrocortisone,0,C[C@]12CCC(=O)C=C1CC[C@@H]3[C@@H]2[C@H](C[C@]4([C@H]3CC[C@@]4(C(=O)CO)O)C)O
DILI,5328,sulfamethizole,1,CC1=NN=C(S1)NS(=O)(=O)C2=CC=C(C=C2)N
LiverTox,5329102,Sunitinib,1,CCN(CC)CCNC(=O)C1=C(NC(=C1C)/C=C\2/C3=C(C=CC(=C3)F)NC2=O)C
LiverTox,441074,Quinidine,1,COC1=CC2=C(C=CN=C2C=C1)[C@@H]([C@H]3C[C@@H]4CCN3C[C@@H]4C=C)O
DILI,441401,linezolid,1,CC(=O)NC[C@H]1CN(C(=O)O1)C2=CC(=C(C=C2)N3CCOCC3)F
DILI,77992,frovatriptan,0,CN[C@@H]1CCC2=C(C1)C3=C(N2)C=CC(=C3)C(=O)N
DILI,5904,penicilling,1,CC1([C@@H](N2[C@H](S1)[C@@H](C2=O)NC(=O)CC3=CC=CC=C3)C(=O)O)C
LiverTox,4057,Mepenzolate,0,C[N+]1(CCCC(C1)OC(=O)C(C2=CC=CC=C2)(C3=CC=CC=C3)O)C
DILI,10917,l-carnitine,0,C[N+](C)(C)C[C@@H](CC(=O)[O-])O
DILI,5282443,triprolidine,0,CC1=CC=C(C=C1)/C(=C\CN2CCCC2)/C3=CC=CC=N3
DILI,2717,chlormezanone,1,CN1C(S(=O)(=O)CCC1=O)C2=CC=C(C=C2)Cl
LiverTox,60823,Atorvastatin,1,CC(C)C1=C(C(=C(N1CC[C@H](C[C@H](CC(=O)O)O)O)C2=CC=C(C=C2)F)C3=CC=CC=C3)C(=O)NC4=CC=CC=C4
LiverTox,2727,chlorpropamide,1,CCCNC(=O)NS(=O)(=O)C1=CC=C(C=C1)Cl
DILI,13342,vinblastine,0,CC[C@@]1(C[C@H]2C[C@@](C3=C(CCN(C2)C1)C4=CC=CC=C4N3)(C5=C(C=C6C(=C5)[C@]78CCN9[C@H]7[C@@](C=CC9)([C@H]([C@@]([C@@H]8N6C)(C(=O)OC)O)OC(=O)C)CC)OC)C(=O)OC)O
DILI,5472,ticlopidine,1,C1CN(CC2=C1SC=C2)CC3=CC=CC=C3Cl
DILI,11598201,raltegravir,1,CC1=NN=C(O1)C(=O)NC(C)(C)C2=N/C(=C(/NCC3=CC=C(C=C3)F)\O)/C(=O)C(=O)N2C
DILI,436058,pegaspargase,1,CC1=CC(=C(C=C1)C(=O)C(=C)CN(C)C)C
DILI,5702105,polymyxinbsulfate,0,CCC(C)CCCCC(=O)NC(CCN)C(=O)NC(C(C)O)C(=O)NC(CCN)C(=O)NC1CCNC(=O)C(NC(=O)C(NC(=O)C(NC(=O)C(NC(=O)C(NC(=O)C(NC1=O)CCN)CC2=CC=CC=C2)CC(C)C)CCN)CCN)C(C)O.OS(=O)(=O)O
DILI,4510,nitroglycerin,0,C(C(CO[N+](=O)[O-])O[N+](=O)[O-])O[N+](=O)[O-]
DILI,3339,fenofibrate,1,CC(C)OC(=O)C(C)(C)OC1=CC=C(C=C1)C(=O)C2=CC=C(C=C2)Cl
DILI,9904,nandrolonedecanoate,1,C[C@]12CC[C@H]3[C@H]([C@@H]1CC[C@@H]2O)CCC4=CC(=O)CC[C@H]34
DILI,3331,felbamate,1,C1=CC=C(C=C1)C(COC(=O)N)COC(=O)N
DILI,441350,metyrosine,0,C[C@](CC1=CC=C(C=C1)O)(C(=O)O)N
DILI,54575,leucovorin,0,C1C(N(C2=C(N1)NC(=NC2=O)N)C=O)CNC3=CC=C(C=C3)C(=O)N[C@H](CCC(=O)O)C(=O)O
DILI,3373,flumazenil,0,CCOC(=O)C1=C2CN(C(=O)C3=C(N2C=N1)C=CC(=C3)F)C
DILI,6474909,ivermectin,1,CCC(C)[C@@H]1[C@H](CC[C@@]2(O1)C[C@@H]3C[C@H](O2)C/C=C(/[C@H]([C@H](/C=C/C=C/4\CO[C@H]5[C@@]4([C@@H](C=C([C@H]5O)C)C(=O)O3)O)C)O[C@H]6C[C@@H]([C@H]([C@@H](O6)C)O[C@H]7C[C@@H]([C@H]([C@@H](O7)C)O)OC)OC)\C)C.C[C@H]1CC[C@]2(C[C@@H]3C[C@H](O2)C/C=C(/[C@H]([C@H](/C=C/C=C/4\CO[C@H]5[C@@]4([C@@H](C=C([C@H]5O)C)C(=O)O3)O)C)O[C@H]6C[C@@H]([C@H]([C@@H](O6)C)O[C@H]7C[C@@H]([C@H]([C@@H](O7)C)O)OC)OC)\C)O[C@@H]1C(C)C
LiverTox,54687,Pravastatin,1,CC[C@H](C)C(=O)O[C@H]1C[C@@H](C=C2[C@H]1[C@H]([C@H](C=C2)C)CC[C@H](C[C@H](CC(=O)O)O)O)O
DILI,2249,atenolol,1,CC(C)NCC(COC1=CC=C(C=C1)CC(=O)N)O
DILI,152945,dutasteride,0,C[C@]12CCC3[C@H]([C@@H]1CC[C@@H]2C(=O)NC4=C(C=CC(=C4)C(F)(F)F)C(F)(F)F)CC[C@@H]5[C@@]3(C=CC(=O)N5)C
DILI,3033,diclofenac,1,C1=CC=C(C(=C1)CC(=O)O)NC2=C(C=CC=C2Cl)Cl
DILI,6253,cytarabine,1,C1=CN(C(=O)N=C1N)[C@H]2[C@H]([C@@H]([C@H](O2)CO)O)O
LiverTox,54675783,Minocycline,1,CN(C)[C@H]1[C@@H]2C[C@@H]3CC4=C(C=CC(=C4C(=C3C(=O)[C@@]2(C(=C(C1=O)C(=O)N)O)O)O)O)N(C)C
DILI,4173,metronidazole,1,CC1=NC=C(N1CCO)[N+](=O)[O-]
DILI,5533,trazodone,1,C1CN(CCN1CCCN2C(=O)N3C=CC=CC3=N2)C4=CC(=CC=C4)Cl
DILI,5819,levothyroxine,1,C1=C(C=C(C(=C1I)OC2=CC(=C(C(=C2)I)O)I)I)C[C@@H](C(=O)O)N
DILI,2244,aspirin,1,CC(=O)OC1=CC=CC=C1C(=O)O
DILI,30322,digoxin,0,C[C@@H]1[C@H]([C@H](C[C@@H](O1)O[C@@H]2[C@H](O[C@H](C[C@@H]2O)O[C@@H]3[C@H](O[C@H](C[C@@H]3O)O[C@H]4CC[C@]5([C@@H](C4)CC[C@@H]6[C@@H]5C[C@H]([C@]7([C@@]6(CCC7C8=CC(=O)OC8)O)C)O)C)C)C)O)O
DILI,2708,chlorambucil,1,C1=CC(=CC=C1CCCC(=O)O)N(CCCl)CCCl
DILI,65015,plerixafor,0,C1CNCCNCCCN(CCNC1)CC2=CC=C(C=C2)CN3CCCNCCNCCCNCC3
DILI,1548955,clomiphene,1,CCN(CC)CCOC1=CC=C(C=C1)/C(=C(/C2=CC=CC=C2)\Cl)/C3=CC=CC=C3
DILI,5284371,codeine,0,CN1CC[C@]23[C@@H]4[C@H]1CC5=C2C(=C(C=C5)OC)O[C@H]3[C@H](C=C4)O
DILI,169893,Sodiumpolystyrenesulfonate,0,C=CC1=CC=CC=C1S(=O)(=O)[O-].[Ca+2]
DILI,4114,methoxsalen,1,COC1=C2C(=CC3=C1OC=C3)C=CC(=O)O2
DILI,3034812,trospium,0,C1CC[N+]2(C1)[C@H]3CCC2CC(C3)OC(=O)C(C4=CC=CC=C4)(C5=CC=CC=C5)O.[Cl-]
DILI,3038,dichlorphenamide,0,C1=C(C=C(C(=C1S(=O)(=O)N)Cl)Cl)S(=O)(=O)N
DILI,541197,norethindroneacetate,0,CC(=O)OC1(CCC2C1(CCC3C2CCC4=CC(=O)CCC34)C)C#C
DILI,4057,mepenzolate,0,C[N+]1(CCCC(C1)OC(=O)C(C2=CC=CC=C2)(C3=CC=CC=C3)O)C
DILI,5361092,butorphanol,0,C1CC[C@]2([C@H]3CC4=C([C@]2(C1)CCN3CC5CCC5)C=C(C=C4)O)O
DILI,2315,bendroflumethiazide,1,C1=CC=C(C=C1)CC2NC3=C(C=C(C(=C3)C(F)(F)F)S(=O)(=O)N)S(=O)(=O)N2
LiverTox,40632,Pirfenidone,0,CC1=CN(C(=O)C=C1)C2=CC=CC=C2
DILI,6005,apomorphine,0,CN1CCC2=C3[C@H]1CC4=C(C3=CC=C2)C(=C(C=C4)O)O
LiverTox,89594,Nicotine,0,CN1CCC[C@H]1C2=CN=CC=C2
LiverTox,12628,glycyclamide(tolcyclamide),1,CC1=CC=C(C=C1)S(=O)(=O)NC(=O)NC2CCCCC2
DILI,4034,meclizine,0,CC1=CC(=CC=C1)CN2CCN(CC2)C(C3=CC=CC=C3)C4=CC=C(C=C4)Cl
LiverTox,10113978,Pazopanib,1,CC1=C(C=C(C=C1)NC2=NC=CC(=N2)N(C)C3=CC4=NN(C(=C4C=C3)C)C)S(=O)(=O)N
DILI,2756,cimetidine,1,CC1=C(N=CN1)CSCCNC(=NC)NC#N
DILI,9354,succimer,1,C(C(C(=O)O)S)(C(=O)O)S
DILI,9433,aminophylline,0,CN1C2=C(C(=O)N(C1=O)C)NC=N2.CN1C2=C(C(=O)N(C1=O)C)NC=N2.C(CN)N
DILI,4723,pemoline,1,C1=CC=C(C=C1)C2C(=O)N=C(O2)N
LiverTox,5746,Mitomycin,0,CC1=C(C(=O)C2=C(C1=O)N3C[C@H]4[C@@H]([C@@]3([C@@H]2COC(=O)N)OC)N4)N
LiverTox,4539,Norfloxacin,0,CCN1C=C(C(=O)C2=CC(=C(C=C21)N3CCNCC3)F)C(=O)O
DILI,6915944,cefdinir,1,C=CC1=C(N2[C@@H]([C@@H](C2=O)NC(=O)/C(=N\O)/C3=CSC(=N3)N)SC1)C(=O)O
LiverTox,154059,Solifenacin,0,C1CN2CCC1[C@H](C2)OC(=O)N3CCC4=CC=CC=C4[C@@H]3C5=CC=CC=C5
DILI,5340,sulfathiazole,1,C1=CC(=CC=C1N)S(=O)(=O)NC2=NC=CS2
DILI,1548972,fluvastatin,1,CC(C)N1C2=CC=CC=C2C(=C1/C=C/[C@@H](C[C@@H](CC(=O)O)O)O)C3=CC=C(C=C3)F
DILI,9902,oxymetholone,1,C[C@]12CC[C@H]3[C@H]([C@@H]1CC[C@]2(C)O)CC[C@@H]4[C@@]3(CC(=CO)C(=O)C4)C
DILI,165580,paromomycin,0,C1[C@H]([C@@H]([C@H]([C@@H]([C@H]1N)O[C@@H]2[C@@H]([C@H]([C@@H]([C@H](O2)CO)O)O)N)O[C@H]3[C@@H]([C@@H]([C@H](O3)CO)O[C@@H]4[C@@H]([C@H]([C@@H]([C@@H](O4)CN)O)O)N)O)O)N
DILI,4075,mesalazine,1,C1=CC(=C(C=C1N)C(=O)O)O
DILI,54892,quinapril,1,CCOC(=O)[C@H](CCC1=CC=CC=C1)N[C@@H](C)C(=O)N2CC3=CC=CC=C3C[C@H]2C(=O)O
DILI,41684,nitazoxanide,0,CC(=O)OC1=CC=CC=C1C(=O)NC2=NC=C(S2)[N+](=O)[O-]
DILI,2099,alosetron,1,CC1=C(N=CN1)CN2CCC3=C(C2=O)C4=CC=CC=C4N3C
DILI,32756,dermatan,1,CC(=O)N[C@@H]1[C@H]([C@H]([C@H](O[C@H]1O)CO)OS(=O)(=O)[O-])O[C@H]2[C@@H]([C@H]([C@@H]([C@@H](O2)C(=O)[O-])O)O)O
DILI,5717,zafirlukast,1,CC1=CC=CC=C1S(=O)(=O)NC(=O)C2=CC(=C(C=C2)CC3=CN(C4=C3C=C(C=C4)NC(=O)OC5CCCC5)C)OC
DILI,154101,dexmethylphenidate,1,COC(=O)[C@@H]([C@H]1CCCCN1)C2=CC=CC=C2
DILI,3783,isoxsuprine,0,CC(COC1=CC=CC=C1)NC(C)C(C2=CC=C(C=C2)O)O
DILI,5284596,naloxone,0,C=CCN1CC[C@]23[C@@H]4C(=O)CC[C@]2([C@H]1CC5=C3C(=C(C=C5)O)O4)O
LiverTox,3007,Amphetamines,1,CC(CC1=CC=CC=C1)N
DILI,4054,memantine,1,CC12CC3CC(C1)(CC(C3)(C2)N)C
DILI,444013,gadoversetamide,0,COCCNC(=O)CN(CCN(CCN(CC(=O)NCCOC)CC(=O)[O-])CC(=O)[O-])CC(=O)[O-].[Gd+3]
DILI,126941,methotrexate,1,CN(CC1=CN=C2C(=N1)C(=NC(=N2)N)N)C3=CC=C(C=C3)C(=O)N[C@@H](CCC(=O)O)C(=O)O
DILI,3474,glafenine,1,C1=CC=C(C(=C1)C(=O)OCC(CO)O)NC2=C3C=CC(=CC3=NC=C2)Cl
DILI,441233,tranylcypromine,1,C1[C@H](C1C2=CC=CC=C2)N
DILI,10836,methamphetamine,0,C[C@@H](CC1=CC=CC=C1)NC
DILI,4174,metyrapone,0,CC(C)(C1=CN=CC=C1)C(=O)C2=CN=CC=C2
DILI,5035,raloxifene,0,C1CCN(CC1)CCOC2=CC=C(C=C2)C(=O)C3=C(SC4=C3C=CC(=C4)O)C5=CC=C(C=C5)O
LiverTox,6914273,Dantrolene,1,C1C(=O)NC(=O)N1/N=C/C2=CC=C(O2)C3=CC=C(C=C3)[N+](=O)[O-]
LiverTox,2955,Dapsone,1,C1=CC(=CC=C1N)S(=O)(=O)C2=CC=C(C=C2)N
DILI,55891,fosinopril,1,CCC(=O)OC(C(C)C)OP(=O)(CCCCC1=CC=CC=C1)CC(=O)N2C[C@@H](C[C@H]2C(=O)O)C3CCCCC3
LiverTox,135398737,Clozapine,1,CN1CCN(CC1)C2=NC3=C(C=CC(=C3)Cl)NC4=CC=CC=C42
DILI,6003770,olsalazine,1,C1=CC(=C(C=C1N/N=C\2/C=CC(=O)C(=C2)C(=O)O)C(=O)O)O
DILI,1054,pyridoxine,0,CC1=NC=C(C(=C1O)CO)CO
LiverTox,5288826,Morphine,0,CN1CC[C@]23[C@@H]4[C@H]1CC5=C2C(=C(C=C5)O)O[C@H]3[C@H](C=C4)O
