source,id,name,tox,smiles
DILI,176870,erlotinib,1,COCCOC1=C(C=C2C(=C1)C(=NC=N2)NC3=CC=CC(=C3)C#C)OCCOC
DILI,16157882,exenatide,0,CC[C@H](C)[C@@H](C(=O)N[C@@H](CCC(=O)O)C(=O)N[C@@H](CC1=CNC2=CC=CC=C21)C(=O)N[C@@H](CC(C)C)C(=O)N[C@@H](CCCCN)C(=O)N[C@@H](CC(=O)N)C(=O)NCC(=O)NCC(=O)N3CCC[C@H]3C(=O)N[C@@H](CO)C(=O)N[C@@H](CO)C(=O)NCC(=O)N[C@@H](C)C(=O)N4CCC[C@H]4C(=O)N5CCC[C@H]5C(=O)N6CCC[C@H]6C(=O)N[C@@H](CO)C(=O)N)NC(=O)[C@H](CC7=CC=CC=C7)NC(=O)[C@H](CC(C)C)NC(=O)[C@H](CCCNC(=N)N)NC(=O)[C@H](C(C)C)NC(=O)[C@H](C)NC(=O)[C@H](CCC(=O)O)NC(=O)[C@H](CCC(=O)O)NC(=O)[C@H](CCC(=O)O)NC(=O)[C@H](CCSC)NC(=O)[C@H](CCC(=O)N)NC(=O)[C@H](CCCCN)NC(=O)[C@H](CO)NC(=O)[C@H](CC(C)C)NC(=O)[C@H](CC(=O)O)NC(=O)[C@H](CO)NC(=O)[C@H]([C@@H](C)O)NC(=O)[C@H](CC8=CC=CC=C8)NC(=O)[C@H]([C@@H](C)O)NC(=O)CNC(=O)[C@H](CCC(=O)O)NC(=O)CNC(=O)[C@H](CC9=CN=CN9)N
DILI,60753,ibutilide,0,CCCCCCCN(CC)CCCC(C1=CC=C(C=C1)NS(=O)(=O)C)O
DILI,4771,phentermine,1,CC(C)(CC1=CC=CC=C1)N
DILI,4583,ofloxacin,1,CC1COC2=C3N1C=C(C(=O)C3=CC(=C2N4CCN(CC4)C)F)C(=O)O
DILI,2019,dactinomycin,1,CC1C(C(=O)NC(C(=O)N2CCCC2C(=O)N(CC(=O)N(C(C(=O)O1)C(C)C)C)C)C(C)C)NC(=O)C3=C4C(=C(C=C3)C)OC5=C(C(=O)C(=C(C5=N4)C(=O)NC6C(OC(=O)C(N(C(=O)CN(C(=O)C7CCCN7C(=O)C(NC6=O)C(C)C)C)C)C(C)C)C)N)C
DILI,5462245,cyanocobalamin,0,CC1=CC2=C(C=C1C)N(C=N2)[C@@H]3C(C([C@@H](O3)CO)OP(=O)(O)OC(C)CNC(=O)CC[C@@]\4([C@H](C5[C@]6([C@@]([C@@H](C(=N6)/C(=C\7/[C@@]([C@@H](C(=N7)/C=C\8/C([C@@H](C(=N8)/C(=C4\[N-]5)/C)CCC(=O)N)(C)C)CCC(=O)N)(C)CC(=O)N)/C)CCC(=O)N)(C)CC(=O)N)C)CC(=O)N)C)O.[C-]#N.[Co+3]
DILI,2761171,ethionamide,1,CCC1=NC=CC(=C1)C(=S)N
DILI,6196,oxacillin,1,CC1=C(C(=NO1)C2=CC=CC=C2)C(=O)N[C@H]3[C@@H]4N(C3=O)[C@H](C(S4)(C)C)C(=O)O
DILI,5452,thioridazine,1,CN1CCCCC1CCN2C3=CC=CC=C3SC4=C2C=C(C=C4)SC
LiverTox,18381,Dicloxacillin,1,CC1=C(C(=NO1)C2=C(C=CC=C2Cl)Cl)C(=O)N[C@H]3[C@@H]4N(C3=O)[C@H](C(S4)(C)C)C(=O)O
DILI,1549000,levocetirizinedihydrochloride,1,C1CN(CCN1CCOCC(=O)O)[C@H](C2=CC=CC=C2)C3=CC=C(C=C3)Cl
DILI,10113978,pazopanib,1,CC1=C(C=C(C=C1)NC2=NC=CC(=N2)N(C)C3=CC4=NN(C(=C4C=C3)C)C)S(=O)(=O)N
LiverTox,3767,Isoniazid,1,C1=CN=CC=C1C(=O)NN
DILI,2725,chlorpheniramine,0,CN(C)CCC(C1=CC=C(C=C1)Cl)C2=CC=CC=N2
LiverTox,3011155,Nelarabine,1,COC1=NC(=NC2=C1N=CN2[C@H]3[C@H]([C@@H]([C@H](O3)CO)O)O)N
DILI,657298,propylthiouracil,1,CCCC1=CC(=O)NC(=S)N1
DILI,77999,rosiglitazone,1,CN(CCOC1=CC=C(C=C1)CC2C(=O)NC(=O)S2)C3=CC=CC=N3
LiverTox,447715,ObeticholicAcid,1,CC[C@@H]1[C@@H]2C[C@@H](CC[C@@]2([C@H]3CC[C@]4([C@H]([C@@H]3[C@@H]1O)CC[C@@H]4[C@H](C)CCC(=O)O)C)C)O
DILI,3182,dyphylline,0,CN1C2=C(C(=O)N(C1=O)C)N(C=N2)CC(CO)O
DILI,6098,cloxacillin,1,CC1=C(C(=NO1)C2=CC=CC=C2Cl)C(=O)N[C@H]3[C@@H]4N(C3=O)[C@H](C(S4)(C)C)C(=O)O
LiverTox,6918558,Fesoterodine,0,CC(C)C(=O)OC1=C(C=C(C=C1)CO)[C@H](CCN(C(C)C)C(C)C)C2=CC=CC=C2
DILI,2726,chlorpromazine,1,CN(C)CCCN1C2=CC=CC=C2SC3=C1C=C(C=C3)Cl
DILI,2160,amitriptyline,1,CN(C)CCC=C1C2=CC=CC=C2CCC3=CC=CC=C31
DILI,60198,exemestane,1,C[C@]12CC[C@H]3[C@H]([C@@H]1CCC2=O)CC(=C)C4=CC(=O)C=C[C@]34C
DILI,4917,prochlorperazine,1,CN1CCN(CC1)CCCN2C3=CC=CC=C3SC4=C2C=C(C=C4)Cl
DILI,4053,melphalan,1,C1=CC(=CC=C1CC(C(=O)O)N)N(CCCl)CCCl
DILI,255968,benzarone,1,CCC1=C(C2=CC=CC=C2O1)C(=O)C3=CC=C(C=C3)O
LiverTox,4634,Oxybutynin,0,CCN(CC)CC#CCOC(=O)C(C1CCCCC1)(C2=CC=CC=C2)O
DILI,4493,nilutamide,1,CC1(C(=O)N(C(=O)N1)C2=CC(=C(C=C2)[N+](=O)[O-])C(F)(F)F)C
DILI,40399,exifone,1,C1=CC(=C(C(=C1C(=O)C2=CC(=C(C(=C2)O)O)O)O)O)O
DILI,24014,cupricchloride,0,Cl[Cu]Cl
LiverTox,3117,Disulfiram,1,CCN(CC)C(=S)SSC(=S)N(CC)CC
DILI,123610,eptifibatide,0,C1CC2C(=O)NC(CSSCCC(=O)NC(C(=O)NCC(=O)NC(C(=O)NC(C(=O)N2C1)CC3=CNC4=CC=CC=C43)CC(=O)O)CCCCN=C(N)N)C(=O)N
DILI,16960,dexbrompheniramine,0,CN(C)CC[C@@H](C1=CC=C(C=C1)Br)C2=CC=CC=N2
DILI,3463,gemfibrozil,1,CC1=CC(=C(C=C1)C)OCCCC(C)(C)C(=O)O
DILI,5284627,topiramate,1,CC1(O[C@@H]2CO[C@@]3([C@H]([C@@H]2O1)OC(O3)(C)C)COS(=O)(=O)N)C
DILI,441314,miglitol,0,C1[C@@H]([C@H]([C@@H]([C@H](N1CCO)CO)O)O)O
DILI,3821,ketamine,1,CNC1(CCCCC1=O)C2=CC=CC=C2Cl
DILI,5487,tizanidine,1,C1CN=C(N1)NC2=C(C=CC3=NSN=C32)Cl
DILI,60490,zileuton,1,CC(C1=CC2=CC=CC=C2S1)N(C(=O)N)O
DILI,65833,milnacipran,1,CCN(CC)C(=O)[C@@]1(C[C@@H]1CN)C2=CC=CC=C2
DILI,5878,oxandrolone,1,C[C@]12CC[C@H]3[C@H]([C@@H]1CC[C@]2(C)O)CC[C@@H]4[C@@]3(COC(=O)C4)C
DILI,4100,methazolamide,1,CC(=O)N=C1N(N=C(S1)S(=O)(=O)N)C
DILI,16129704,bivalirudin,0,CC[C@H](C)[C@@H](C(=O)N1CCC[C@H]1C(=O)N[C@@H](CCC(=O)O)C(=O)N[C@@H](CCC(=O)O)C(=O)N[C@@H](CC2=CC=C(C=C2)O)C(=O)N[C@@H](CC(C)C)C(=O)O)NC(=O)[C@H](CCC(=O)O)NC(=O)[C@H](CCC(=O)O)NC(=O)[C@H](CC3=CC=CC=C3)NC(=O)[C@H](CC(=O)O)NC(=O)CNC(=O)[C@H](CC(=O)N)NC(=O)CNC(=O)CNC(=O)CNC(=O)CNC(=O)[C@@H]4CCCN4C(=O)[C@H](CCCNC(=N)N)NC(=O)[C@@H]5CCCN5C(=O)[C@@H](CC6=CC=CC=C6)N
DILI,3767,isoniazid,1,C1=CN=CC=C1C(=O)NN
LiverTox,5505,tolbutamide,1,CCCCNC(=O)NS(=O)(=O)C1=CC=C(C=C1)C
DILI,938,niacin,1,C1=CC(=CN=C1)C(=O)O
LiverTox,16362,Pimozide,0,C1CN(CCC1N2C3=CC=CC=C3NC2=O)CCCC(C4=CC=C(C=C4)F)C5=CC=C(C=C5)F
DILI,6761,pipamazine,1,C1CN(CCC1C(=O)N)CCCN2C3=CC=CC=C3SC4=C2C=C(C=C4)Cl
DILI,1046,pyrazinamide,1,C1=CN=C(C=N1)C(=O)N
LiverTox,5479,Tinidazole,0,CCS(=O)(=O)CCN1C(=NC=C1[N+](=O)[O-])C
DILI,5493381,deferasirox,1,C1=C/C(=C/2\N/C(=C\3/C=CC=CC3=O)/N(N2)C4=CC=C(C=C4)C(=O)O)/C(=O)C=C1
DILI,4064,meprobamate,0,CCCC(C)(COC(=O)N)COC(=O)N
DILI,2094,allopurinol,1,C1=C2C(=NC=NC2=O)NN1
DILI,439302,oxytocin,0,CC[C@H](C)[C@H]1C(=O)N[C@H](C(=O)N[C@H](C(=O)N[C@@H](CSSC[C@@H](C(=O)N[C@H](C(=O)N1)CC2=CC=C(C=C2)O)N)C(=O)N3CCC[C@H]3C(=O)N[C@@H](CC(C)C)C(=O)NCC(=O)N)CC(=O)N)CCC(=O)N
DILI,3476,glimepiride,1,CCC1=C(CN(C1=O)C(=O)NCCC2=CC=C(C=C2)S(=O)(=O)NC(=O)NC3CCC(CC3)C)C
LiverTox,4205,Mirtazapine,0,CN1CCN2C(C1)C3=CC=CC=C3CC4=C2N=CC=C4
DILI,5591,troglitazone,1,CC1=C(C2=C(CCC(O2)(C)COC3=CC=C(C=C3)CC4C(=O)NC(=O)S4)C(=C1O)C)C
DILI,5484727,trandolapril,1,CCOC(=O)[C@H](CCC1=CC=CC=C1)N[C@@H](C)C(=O)N2[C@H]3CCCC[C@@H]3C[C@H]2C(=O)O
DILI,2802,clonazepam,1,C1C(=O)NC2=C(C=C(C=C2)[N+](=O)[O-])C(=N1)C3=CC=CC=C3Cl
DILI,6834,brompheniramine,0,CN(C)CCC(C1=CC=C(C=C1)Br)C2=CC=CC=N2
DILI,71771,aceclofenac,1,C1=CC=C(C(=C1)CC(=O)OCC(=O)O)NC2=C(C=CC=C2Cl)Cl
DILI,16132357,corticotropin,0,CC[C@H](C)[C@@H](C(=O)N[C@@H](CO)C(=O)N[C@@H](CC(C)C)C(=O)N[C@@H](CC(=O)O)C(=O)N[C@@H](CC(C)C)C(=O)N[C@@H]([C@@H](C)O)C(=O)N[C@@H](CC1=CC=CC=C1)C(=O)N[C@@H](CC2=CN=CN2)C(=O)N[C@@H](CC(C)C)C(=O)N[C@@H](CC(C)C)C(=O)N[C@@H](CCCNC(=N)N)C(=O)N[C@@H](CCC(=O)O)C(=O)N[C@@H](C(C)C)C(=O)N[C@@H](CC(C)C)C(=O)N[C@@H](CCC(=O)O)C(=O)N[C@@H](CCSC)C(=O)N[C@@H](C)C(=O)N[C@@H](CCCNC(=N)N)C(=O)N[C@@H](C)C(=O)N[C@@H](CCC(=O)O)C(=O)N[C@@H](CCC(=O)N)C(=O)N[C@@H](CC(C)C)C(=O)N[C@@H](C)C(=O)N[C@@H](CCC(=O)N)C(=O)N[C@@H](CCC(=O)N)C(=O)N[C@@H](C)C(=O)N[C@@H](CC3=CN=CN3)C(=O)N[C@@H](CO)C(=O)N[C@@H](CC(=O)N)C(=O)N[C@@H](CCCNC(=N)N)C(=O)N[C@@H](CCCCN)C(=O)N[C@@H](CCSC)C(=O)N[C@@H](CC(C)C)C(=O)N[C@@H](CCC(=O)O)C(=O)N[C@@H]([C@@H](C)CC)C(=O)N[C@@H]([C@@H](C)CC)C(=O)O)NC(=O)[C@@H]4CCCN4C(=O)[C@@H]5CCCN5C(=O)[C@H](CCC(=O)O)NC(=O)[C@H](CCC(=O)O)NC(=O)[C@H](CO)N
LiverTox,118984375,Insulin,1,CC[C@H](C)[C@H]1C(=O)N[C@H]2CSSC[C@@H](C(=O)N[C@@H](CSSC[C@@H](C(=O)NCC(=O)N[C@H](C(=O)N[C@H](C(=O)N[C@H](C(=O)N[C@H](C(=O)N[C@H](C(=O)N[C@H](C(=O)N[C@H](C(=O)N[C@H](C(=O)N[C@H](C(=O)N[C@H](C(=O)N[C@@H](CSSC[C@H](NC(=O)[C@@H](NC(=O)[C@@H](NC(=O)[C@@H](NC(=O)[C@@H](NC(=O)[C@@H](NC(=O)[C@@H](NC(=O)[C@@H](NC(=O)[C@@H](NC2=O)CO)CC(C)C)CC3=CC=C(C=C3)O)CCC(=O)N)CC(C)C)CCC(=O)O)CC(=O)N)CC4=CC=C(C=C4)O)C(=O)N[C@@H](CC(=O)N)C(=O)O)C(=O)NCC(=O)N[C@@H](CCC(=O)O)C(=O)N[C@@H](CCCNC(=N)N)C(=O)NCC(=O)N[C@@H](CC5=CC=CC=C5)C(=O)N[C@@H](CC6=CC=CC=C6)C(=O)N[C@@H](CC7=CC=C(C=C7)O)C(=O)N[C@@H]([C@@H](C)O)C(=O)N8CCC[C@H]8C(=O)N[C@@H](CCCCN)C(=O)N[C@@H]([C@@H](C)O)C(=O)O)C(C)C)CC(C)C)CC9=CC=C(C=C9)O)CC(C)C)C)CCC(=O)O)C(C)C)CC(C)C)CC2=CNC=N2)CO)NC(=O)[C@H](CC(C)C)NC(=O)[C@H](CC2=CNC=N2)NC(=O)[C@H](CCC(=O)N)NC(=O)[C@H](CC(=O)N)NC(=O)[C@H](C(C)C)NC(=O)[C@H](CC2=CC=CC=C2)N)C(=O)N[C@H](C(=O)N[C@H](C(=O)N1)CO)[C@@H](C)O)NC(=O)[C@H](CCC(=O)N)NC(=O)[C@H](CCC(=O)O)NC(=O)[C@H](C(C)C)NC(=O)[C@H]([C@@H](C)CC)NC(=O)CN
DILI,219024,regadenoson,0,CNC(=O)C1=CN(N=C1)C2=NC(=C3C(=N2)N(C=N3)[C@H]4[C@@H]([C@@H]([C@H](O4)CO)O)O)N
DILI,444,bupropion,1,CC(C(=O)C1=CC(=CC=C1)Cl)NC(C)(C)C
DILI,2576,carisoprodol,0,CCCC(C)(COC(=O)N)COC(=O)NC(C)C
DILI,4909,primidone,0,CCC1(C(=O)NCNC1=O)C2=CC=CC=C2
DILI,63006,budesonide,0,CCC[C@H]1O[C@@H]2C[C@H]3[C@@H]4CCC5=CC(=O)C=C[C@@]5([C@H]4[C@H](C[C@@]3([C@@]2(O1)C(=O)CO)C)O)C
LiverTox,5503,tolazamide,1,CC1=CC=C(C=C1)S(=O)(=O)NC(=O)NN2CCCCCC2
LiverTox,2265,Azathioprine,1,CN1C=NC(=C1SC2=NC=NC3=C2NC=N3)[N+](=O)[O-]
DILI,4943,propofol,1,CC(C)C1=C(C(=CC=C1)C(C)C)O
LiverTox,6433272,Nystatin,0,C[C@H]1/C=C/C=C/CC/C=C/C=C/C=C/C=C/C(CC2C(C(C[C@](O2)(CC(C(CCC(CC(CC(CC(=O)O[C@H]([C@@H]([C@@H]1O)C)C)O)O)O)O)O)O)O)C(=O)O)O[C@@H]3[C@H]([C@H]([C@@H]([C@H](O3)C)O)N)O
DILI,3117,disulfiram,1,CCN(CC)C(=S)SSC(=S)N(CC)CC
LiverTox,2165,Amodiaquine,1,CCN(CC)CC1=C(C=CC(=C1)NC2=C3C=CC(=CC3=NC=C2)Cl)O
DILI,5210,sibutramine,1,CC(C)CC(C1(CCC1)C2=CC=C(C=C2)Cl)N(C)C
DILI,2764,ciprofloxacin,1,C1CC1N2C=C(C(=O)C3=CC(=C(C=C32)N4CCNCC4)F)C(=O)O
DILI,5493444,aliskiren,1,CC(C)[C@@H](CC1=CC(=C(C=C1)OC)OCCCOC)C[C@@H]([C@H](C[C@@H](C(C)C)C(=O)NCC(C)(C)C(=O)N)O)N
DILI,3518,guanethidine,0,C1CCCN(CCC1)CCN=C(N)N
DILI,5353980,sulfasalazine,1,C1=CC=NC(=C1)NS(=O)(=O)C2=CC=C(C=C2)N/N=C/3\C=CC(=O)C(=C3)C(=O)O
DILI,2554,carbamazepine,1,C1=CC=C2C(=C1)C=CC3=CC=CC=C3N2C(=O)N
DILI,39764,vecuronium,0,CC(=O)O[C@H]1C[C@@H]2CC[C@@H]3[C@@H]([C@]2(C[C@@H]1N4CCCCC4)C)CC[C@]5([C@H]3C[C@@H]([C@@H]5OC(=O)C)[N+]6(CCCCC6)C)C.[Br-]
LiverTox,5284616,Sirolimus,0,C[C@@H]1CC[C@H]2C[C@@H](/C(=C/C=C/C=C/[C@H](C[C@H](C(=O)[C@@H]([C@@H](/C(=C/[C@H](C(=O)C[C@H](OC(=O)[C@@H]3CCCCN3C(=O)C(=O)[C@@]1(O2)O)[C@H](C)C[C@@H]4CC[C@H]([C@@H](C4)OC)O)C)/C)O)OC)C)C)/C)OC
DILI,3002977,maraviroc,1,CC1=NN=C(N1C2C[C@H]3CC[C@@H](C2)N3CC[C@@H](C4=CC=CC=C4)NC(=O)C5CCC(CC5)(F)F)C(C)C
DILI,9552071,exametazime,0,C[C@@H](NCC(CN[C@@H](/C(=N/O)/C)C)(C)C)/C(=N/O)/C
DILI,12560,erythromycin,1,CC[C@@H]1[C@@]([C@@H]([C@H](C(=O)[C@@H](C[C@@]([C@@H]([C@H]([C@@H]([C@H](C(=O)O1)C)O[C@H]2C[C@@]([C@H]([C@@H](O2)C)O)(C)OC)C)O[C@H]3[C@@H]([C@H](C[C@H](O3)C)N(C)C)O)(C)O)C)C)O)(C)O
DILI,4454,neomycin,0,C1C(C(C(C(C1N)OC2C(C(C(C(O2)CN)O)O)N)OC3C(C(C(O3)CO)OC4C(C(C(C(O4)CN)O)O)N)O)O)N
DILI,5002,quetiapine,1,C1CN(CCN1CCOCCO)C2=NC3=CC=CC=C3SC4=CC=CC=C42
DILI,153270,pralnacasan,1,CCO[C@H]1[C@H](CC(=O)O1)NC(=O)[C@@H]2CCCN3N2C(=O)[C@H](CCC3=O)NC(=O)C4=NC=CC5=CC=CC=C54
DILI,5746,mitomycin,1,CC1=C(C(=O)C2=C(C1=O)N3C[C@H]4[C@@H]([C@@]3([C@@H]2COC(=O)N)OC)N4)N
DILI,2140,diatrizoate,0,CC(=O)NC1=C(C(=C(C(=C1I)C(=O)O)I)NC(=O)C)I
LiverTox,3955,Loperamide,0,CN(C)C(=O)C(CCN1CCC(CC1)(C2=CC=C(C=C2)Cl)O)(C3=CC=CC=C3)C4=CC=CC=C4
DILI,8269,oxyphenisatin,1,CC(=O)OC1=CC=C(C=C1)C2(C3=CC=CC=C3NC2=O)C4=CC=C(C=C4)OC(=O)C
DILI,28417,danazol,1,C[C@]12CC[C@H]3[C@H]([C@@H]1CC[C@]2(C#C)O)CCC4=CC5=C(C[C@]34C)C=NO5
LiverTox,4594,Omeprazole,1,CC1=CN=C(C(=C1OC)C)CS(=O)C2=NC3=C(N2)C=C(C=C3)OC
DILI,56069,bicalutamide,1,C[C@](CS(=O)(=O)C1=CC=C(C=C1)F)(C(=O)NC2=CC(=C(C=C2)C#N)C(F)(F)F)O
LiverTox,5291,Imatinib,1,CC1=C(C=C(C=C1)NC(=O)C2=CC=C(C=C2)CN3CCN(CC3)C)NC4=NC=CC(=N4)C5=CN=CC=C5
LiverTox,154234,Peramivir,0,CCC(CC)[C@@H]([C@H]1[C@@H](C[C@@H]([C@H]1O)C(=O)O)N=C(N)N)NC(=O)C
DILI,5281011,doxycycline,1,C[C@@H]1[C@H]2[C@@H]([C@H]3[C@@H](C(=O)/C(=C(\N)/O)/C(=O)[C@]3(C(=O)C2=C(C4=C1C=CC=C4O)O)O)N(C)C)O
DILI,6116,calciumacetate,0,CC(=O)[O-].CC(=O)[O-].[Ca+2]
DILI,5359272,levorphanol,0,CN1CC[C@]23CCCC[C@H]2[C@H]1CC4=C3C=C(C=C4)O
DILI,10531,dihydroergotamine,0,C[C@@]1(C(=O)N2[C@H](C(=O)N3CCC[C@H]3[C@@]2(O1)O)CC4=CC=CC=C4)NC(=O)[C@@H]5C[C@H]6[C@@H](CC7=CNC8=CC=CC6=C78)N(C5)C
DILI,6918204,gadobenatedimeglumine,0,CNC[C@@H]([C@H]([C@@H]([C@@H](CO)O)O)O)O.CNC[C@@H]([C@H]([C@@H]([C@@H](CO)O)O)O)O.C1=CC=C(C=C1)COCC(C(=O)[O-])N(CCN(CCN(CC(=O)O)CC(=O)[O-])CC(=O)[O-])CC(=O)O.[Gd+3]
DILI,2712,chlordiazepoxide,1,CN=C1CN(C(=C2C=C(C=CC2=N1)Cl)C3=CC=CC=C3)O
DILI,4763,phenobarbital,1,CCC1(C(=O)NC(=O)NC1=O)C2=CC=CC=C2
DILI,4463,nevirapine,1,CC1=C2C(=NC=C1)N(C3=C(C=CC=N3)C(=O)N2)C4CC4
DILI,71329,dofetilide,0,CN(CCC1=CC=C(C=C1)NS(=O)(=O)C)CCOC2=CC=C(C=C2)NS(=O)(=O)C
DILI,5983,physostigmine,0,C[C@@]12CCN([C@@H]1N(C3=C2C=C(C=C3)OC(=O)NC)C)C
DILI,3652,hydroxychloroquine,1,CCN(CCCC(C)NC1=C2C=CC(=CC2=NC=C1)Cl)CCO
DILI,3325,famotidine,1,C1=C(N=C(S1)N=C(N)N)CSCCC(=NS(=O)(=O)N)N
LiverTox,3002190,Telithromycin,1,CC[C@@H]1[C@@]2([C@@H]([C@H](C(=O)[C@@H](C[C@@]([C@@H]([C@H](C(=O)[C@H](C(=O)O1)C)C)O[C@H]3[C@@H]([C@H](C[C@H](O3)C)N(C)C)O)(C)OC)C)C)N(C(=O)O2)CCCCN4C=C(N=C4)C5=CN=CC=C5)C
LiverTox,4583,Ofloxacin,0,CC1COC2=C3N1C=C(C(=O)C3=CC(=C2N4CCN(CC4)C)F)C(=O)O
DILI,4934,propantheline,0,CC(C)[N+](C)(CCOC(=O)C1C2=CC=CC=C2OC3=CC=CC=C13)C(C)C
DILI,3168,droperidol,0,C1CN(CC=C1N2C3=CC=CC=C3NC2=O)CCCC(=O)C4=CC=C(C=C4)F
DILI,2585,carvedilol,1,COC1=CC=CC=C1OCCNCC(COC2=CC=CC3=C2C4=CC=CC=C4N3)O
DILI,5578,trimethoprim,1,COC1=CC(=CC(=C1OC)OC)CC2=CN=C(N=C2N)N
DILI,5656,venlafaxine,1,CN(C)CC(C1=CC=C(C=C1)OC)C2(CCCCC2)O
DILI,5509,tolmetin,1,CC1=CC=C(C=C1)C(=O)C2=CC=C(N2C)CC(=O)O
DILI,60846,valsartan,1,CCCCC(=O)N(CC1=CC=C(C=C1)C2=CC=CC=C2C3=NNN=N3)[C@@H](C(C)C)C(=O)O
DILI,31703,doxorubicin,1,C[C@H]1[C@H]([C@H](C[C@@H](O1)O[C@H]2C[C@@](CC3=C2C(=C4C(=C3O)C(=O)C5=C(C4=O)C(=CC=C5)OC)O)(C(=O)CO)O)N)O
LiverTox,25058126,CephalosporinsOral,1,C=C1CS[C@@H](N=C1C(=O)O)[C@@H](C(=O)O)NC(=O)CCCC[C@H](C(=O)O)N
DILI,84029,clarithromycin,1,CC[C@@H]1[C@@]([C@@H]([C@H](C(=O)[C@@H](C[C@@]([C@@H]([C@H]([C@@H]([C@H](C(=O)O1)C)O[C@H]2C[C@@]([C@H]([C@@H](O2)C)O)(C)OC)C)O[C@H]3[C@@H]([C@H](C[C@H](O3)C)N(C)C)O)(C)OC)C)C)O)(C)O
LiverTox,16134956,Liraglutide,0,CCCCCCCCCCCCCCCC(=O)N[C@@H](CCC(=O)NCCCC[C@@H](C(=O)N[C@@H](CCC(=O)O)C(=O)N[C@@H](CC1=CC=CC=C1)C(=O)N[C@@H]([C@@H](C)CC)C(=O)N[C@@H](C)C(=O)N[C@@H](CC2=CNC3=CC=CC=C32)C(=O)N[C@@H](CC(C)C)C(=O)N[C@@H](C(C)C)C(=O)N[C@@H](CCCNC(=N)N)C(=O)NCC(=O)N[C@@H](CCCNC(=N)N)C(=O)NCC(=O)O)NC(=O)[C@H](C)NC(=O)[C@H](C)NC(=O)[C@H](CCC(=O)N)NC(=O)CNC(=O)[C@H](CCC(=O)O)NC(=O)[C@H](CC(C)C)NC(=O)[C@H](CC4=CC=C(C=C4)O)NC(=O)[C@H](CO)NC(=O)[C@H](CO)NC(=O)[C@H](C(C)C)NC(=O)[C@H](CC(=O)O)NC(=O)[C@H](CO)NC(=O)[C@H]([C@@H](C)O)NC(=O)[C@H](CC5=CC=CC=C5)NC(=O)[C@H]([C@@H](C)O)NC(=O)CNC(=O)[C@H](CCC(=O)O)NC(=O)[C@H](C)NC(=O)[C@H](CC6=CN=CN6)N)C(=O)O
DILI,5280793,ergocalciferol,0,C[C@H](/C=C/[C@H](C)C(C)C)[C@H]1CC[C@@H]\2[C@@]1(CCC/C2=C\C=C/3\C[C@H](CCC3=C)O)C
DILI,2148,aminohippurate,0,C1=CC(=CC=C1C(=O)NCC(=O)O)N
DILI,6918289,temsirolimus,0,C[C@@H]1CC[C@H]2C[C@@H](/C(=C/C=C/C=C/[C@H](C[C@H](C(=O)[C@@H]([C@@H](/C(=C/[C@H](C(=O)C[C@H](OC(=O)[C@@H]3CCCCN3C(=O)C(=O)[C@@]1(O2)O)[C@H](C)C[C@@H]4CC[C@H]([C@@H](C4)OC)OC(=O)C(C)(CO)CO)C)/C)O)OC)C)C)/C)OC
LiverTox,2157,Amiodarone,1,CCCCC1=C(C2=CC=CC=C2O1)C(=O)C3=CC(=C(C(=C3)I)OCCN(CC)CC)I
DILI,60825,lamivudine,1,C1[C@H](O[C@H](S1)CO)N2C=CC(=NC2=O)N
DILI,564,aminocaproicacid,0,C(CCC(=O)O)CCN
DILI,5360696,dextromethorphan,0,CN1CC[C@@]23CCCC[C@@H]2[C@@H]1CC4=C3C=C(C=C4)OC
DILI,2564,carbinoxamine,0,CN(C)CCOC(C1=CC=C(C=C1)Cl)C2=CC=CC=N2
LiverTox,443879,Tolterodine,0,CC1=CC(=C(C=C1)O)[C@H](CCN(C(C)C)C(C)C)C2=CC=CC=C2
DILI,6013,testosterone,1,C[C@]12CC[C@H]3[C@H]([C@@H]1CC[C@@H]2O)CCC4=CC(=O)CC[C@]34C
LiverTox,33613,Amoxicillin,1,CC1([C@@H](N2[C@H](S1)[C@@H](C2=O)NC(=O)[C@@H](C3=CC=C(C=C3)O)N)C(=O)O)C
DILI,151166,lumiracoxib,1,CC1=CC(=C(C=C1)NC2=C(C=CC=C2Cl)F)CC(=O)O
LiverTox,60838,Irinotecan,1,CCC1=C2CN3C(=CC4=C(C3=O)COC(=O)[C@@]4(CC)O)C2=NC5=C1C=C(C=C5)OC(=O)N6CCC(CC6)N7CCCCC7
DILI,4178,mexiletine,1,CC1=C(C(=CC=C1)C)OCC(C)N
DILI,13109,levonorgestrel,0,CC[C@]12CC[C@H]3[C@H]([C@@H]1CC[C@]2(C#C)O)CCC4=CC(=O)CC[C@H]34
DILI,60854,ziprasidone,1,C1CN(CCN1CCC2=C(C=C3C(=C2)CC(=O)N3)Cl)C4=NSC5=CC=CC=C54
LiverTox,126941,Methotrexate,1,CN(CC1=CN=C2C(=N1)C(=NC(=N2)N)N)C3=CC=C(C=C3)C(=O)N[C@@H](CCC(=O)O)C(=O)O
DILI,65679,droxicam,1,CN1C2=C(C3=CC=CC=C3S1(=O)=O)OC(=O)N(C2=O)C4=CC=CC=N4
DILI,3950,lomustine,1,C1CCC(CC1)NC(=O)N(CCCl)N=O
LiverTox,445354,VitaminA,1,CC1=C(C(CCC1)(C)C)/C=C/C(=C/C=C/C(=C/CO)/C)/C
LiverTox,3114,Disopyramide,1,CC(C)N(CCC(C1=CC=CC=C1)(C2=CC=CC=N2)C(=O)N)C(C)C
DILI,114965,tetrabamate,1,CCCCOCC(CN1C(=O)C(C(=O)NC1=O)(CC)C2=CC=CC=C2)OC(=O)N.CCCCOCC(CN1C(=O)C(C(=O)N(C1=O)CC(COCCCC)OC(=O)N)(CC)C2=CC=CC=C2)OC(=O)N.CCC1(C(=O)NC(=O)NC1=O)C2=CC=CC=C2
DILI,3446,gabapentin,1,C1CCC(CC1)(CC(=O)O)CN
DILI,3672,ibuprofen,1,CC(C)CC1=CC=C(C=C1)C(C)C(=O)O
LiverTox,2478,Busulfan,1,CS(=O)(=O)OCCCCOS(=O)(=O)C
LiverTox,53232,Lovastatin,1,CC[C@H](C)C(=O)O[C@H]1C[C@H](C=C2[C@H]1[C@H]([C@H](C=C2)C)CC[C@@H]3C[C@H](CC(=O)O3)O)C
DILI,11963622,nitroprusside,0,[C-]#N.[C-]#N.[C-]#N.[C-]#N.[C-]#N.[N-]=O.[Fe+4]
DILI,4614,oxaprozin,1,C1=CC=C(C=C1)C2=C(OC(=N2)CCC(=O)O)C3=CC=CC=C3
DILI,5284592,nabilone,0,CCCCCCC(C)(C)C1=CC(=C2[C@@H]3CC(=O)CC[C@H]3C(OC2=C1)(C)C)O
DILI,29321,triacetyldiphenolisatin,1,CC(=O)N1C2=CC=CC=C2C(C1=O)(C3=CC=C(C=C3)OC(=O)C)C4=CC=C(C=C4)OC(=O)C
DILI,11033,sulfacarbamide,1,C1=CC(=CC=C1N)S(=O)(=O)NC(=O)N
LiverTox,5284513,Acitretin,1,CC1=CC(=C(C(=C1/C=C/C(=C/C=C/C(=C/C(=O)O)/C)/C)C)C)OC
DILI,5734,zonisamide,1,C1=CC=C2C(=C1)C(=NO2)CS(=O)(=O)N
DILI,3114,disopyramide,1,CC(C)N(CCC(C1=CC=CC=C1)(C2=CC=CC=N2)C(=O)N)C(C)C
DILI,11806,pamabrom,0,CC(C)(CO)N.CN1C2=C(C(=O)N(C1=O)C)NC(=N2)Br
DILI,129211,tamsulosin,1,CCOC1=CC=CC=C1OCCN[C@H](C)CC2=CC(=C(C=C2)OC)S(=O)(=O)N
LiverTox,41684,Nitazoxanide,0,CC(=O)OC1=CC=CC=C1C(=O)NC2=NC=C(S2)[N+](=O)[O-]
DILI,33176,clometacin,1,CC1=C(C2=C(N1CC(=O)O)C=C(C=C2)OC)C(=O)C3=CC=C(C=C3)Cl
DILI,152946,moxifloxacin,1,COC1=C2C(=CC(=C1N3C[C@@H]4CCCN[C@@H]4C3)F)C(=O)C(=CN2C5CC5)C(=O)O
DILI,15341110,levomefolatecalcium,0,CN1[C@H](CNC2=C1C(=O)N=C(N2)N)CNC3=CC=C(C=C3)C(=O)N[C@@H](CCC(=O)[O-])C(=O)[O-].[Ca+2]
LiverTox,54675776,Tetracycline,1,C[C@@]1([C@H]2C[C@H]3[C@@H](C(=O)C(=C([C@]3(C(=O)C2=C(C4=C1C=CC=C4O)O)O)O)C(=O)N)N(C)C)O
DILI,3162,doxylamine,0,CC(C1=CC=CC=C1)(C2=CC=CC=N2)OCCN(C)C
DILI,772,heparinsodium,1,CC(=O)NC1C(C(C(OC1O)COS(=O)(=O)O)OC2C(C(C(C(O2)C(=O)O)OC3C(C(C(C(O3)CO)OC4C(C(C(C(O4)C(=O)O)O)O)OS(=O)(=O)O)OS(=O)(=O)O)NS(=O)(=O)O)O)OS(=O)(=O)O)O
DILI,3676,lidocaine,0,CCN(CC)CC(=O)NC1=C(C=CC=C1C)C
DILI,5572,trihexyphenidyl,0,C1CCC(CC1)C(CCN2CCCCC2)(C3=CC=CC=C3)O
DILI,441281,dimenhydrinate,0,CN1C(=C2C(=NC(=N2)Cl)N(C1=O)C)[O-].C[NH+](C)CCOC(C1=CC=CC=C1)C2=CC=CC=C2
DILI,9849808,fesoterodine,0,CC(C)C(=O)OC1=C(C=C(C=C1)CO)[C@H](CCN(C(C)C)C(C)C)C2=CC=CC=C2.C(=C/C(=O)O)\C(=O)O
DILI,14985,vitamine,0,CC1=C(C2=C(CC[C@@](O2)(C)CCC[C@H](C)CCC[C@H](C)CCCC(C)C)C(=C1O)C)C
DILI,5329102,sunitinib,1,CCN(CC)CCNC(=O)C1=C(NC(=C1C)/C=C\2/C3=C(C=CC(=C3)F)NC2=O)C
DILI,25081014,nesiritide,0,CC[C@H](C)[C@H]1C(=O)N[C@H](C(=O)N[C@H](C(=O)N[C@H](C(=O)N[C@H](C(=O)NCC(=O)N[C@H](C(=O)NCC(=O)N[C@@H](CSSC[C@@H](C(=O)N[C@H](C(=O)NCC(=O)N[C@H](C(=O)N[C@H](C(=O)N[C@H](C(=O)N[C@H](C(=O)N[C@H](C(=O)N1)CCCNC(=N)N)CC(=O)O)CCSC)CCCCN)CCCNC(=N)N)CC2=CC=CC=C2)NC(=O)CNC(=O)[C@H](CO)NC(=O)CNC(=O)[C@H](CCC(=O)N)NC(=O)[C@H](C(C)C)NC(=O)[C@H](CCSC)NC(=O)[C@H](CCCCN)NC(=O)[C@@H]3CCCN3C(=O)[C@H](CO)N)C(=O)N[C@@H](CCCCN)C(=O)N[C@@H](C(C)C)C(=O)N[C@@H](CC(C)C)C(=O)N[C@@H](CCCNC(=N)N)C(=O)N[C@@H](CCCNC(=N)N)C(=O)N[C@@H](CC4C=NC=N4)C(=O)O)CC(C)C)CO)CO)CO)CO
DILI,26757,selegiline,0,C[C@H](CC1=CC=CC=C1)N(C)CC#C
DILI,3690,ifosfamide,1,C1CN(P(=O)(OC1)NCCCl)CCCl
DILI,2092,alfuzosin,1,CN(CCCNC(=O)C1CCCO1)C2=NC3=CC(=C(C=C3C(=N2)N)OC)OC
LiverTox,71616,Voriconazole,1,C[C@@H](C1=NC=NC=C1F)[C@](CN2C=NC=N2)(C3=C(C=C(C=C3)F)F)O
DILI,5284603,oxycodone,0,CN1CC[C@]23[C@@H]4C(=O)CC[C@]2([C@H]1CC5=C3C(=C(C=C5)OC)O4)O
DILI,3059,diflunisal,1,C1=CC(=C(C=C1C2=C(C=C(C=C2)F)F)C(=O)O)O
DILI,43815,paroxetine,1,C1CNC[C@H]([C@@H]1C2=CC=C(C=C2)F)COC3=CC4=C(C=C3)OCO4
LiverTox,4485,Nifedipine,1,CC1=C(C(C(=C(N1)C)C(=O)OC)C2=CC=CC=C2[N+](=O)[O-])C(=O)OC
LiverTox,1046,Pyrazinamide,1,C1=CN=C(C=N1)C(=O)N
LiverTox,5284596,Naloxone,0,C=CCN1CC[C@]23[C@@H]4C(=O)CC[C@]2([C@H]1CC5=C3C(=C(C=C5)O)O4)O
LiverTox,176870,Erlotinib,1,COCCOC1=C(C=C2C(=C1)C(=NC=N2)NC3=CC=CC(=C3)C#C)OCCOC
